date,VNINDEX,VN30,HNXINDEX,UPCOM
181016,963.37,939.41,108.6,52.77
181017,971.6,945.91,109.39,52.98
181018,963.47,937.54,107.91,52.71
181019,958.36,931.69,108.1,52.47
181022,953.51,922.75,107.55,52.42
181023,939.68,908.0,105.07,52.05
181024,922.73,896.5,103.73,51.51
181025,910.17,888.86,103.1,51.29
181026,900.82,881.06,101.79,51.13
181029,888.82,874.43,101.17,50.94
181030,888.69,874.06,101.72,51.21
181031,914.76,901.57,105.36,51.78
181101,907.96,887.72,103.37,51.31
181102,924.86,903.43,105.75,51.74
181105,925.53,904.83,105.54,51.55
181106,922.05,899.61,104.55,51.64
181107,922.16,899.25,104.19,51.57
181108,926.28,900.4,104.54,52.01
181109,914.29,885.65,103.01,51.59
181112,918.12,888.2,103.37,51.66
181113,905.38,873.87,102.47,51.46
181114,900.93,871.55,101.2,51.24
181115,897.15,864.98,101.02,51.25
181116,898.19,869.24,103.01,52.01
181119,916.06,888.76,103.95,52.4
181120,919.02,893.09,103.91,52.06
181121,922.56,897.1,103.9,52.06
181122,924.42,898.9,104.55,52.16
181123,917.97,890.62,104.27,51.87
181126,921.03,895.05,103.98,52.1
181127,923.12,895.3,103.19,52.14
181128,930.2,901.4,104.1,52.15
181129,926.79,897.58,104.17,52.29
181130,926.54,894.79,104.82,52.36
181203,951.59,921.72,107.64,53.06
181204,958.84,927.46,107.39,53.36
181205,957.14,925.68,107.74,53.38
181206,954.82,922.86,107.1,53.35
181207,958.59,929.59,107.14,53.78
181210,955.89,922.82,106.82,53.34
181211,954.58,922.34,106.59,53.3
181212,961.28,927.7,107.68,53.59
181213,960.25,928.9,107.3,53.87
181214,952.04,918.79,106.65,53.47
181217,933.65,901.41,105.01,52.84
181218,927.25,890.68,104.42,52.61
181219,919.24,882.79,104.17,52.69
181220,918.24,877.03,104.53,52.74
181221,912.26,873.09,104.45,52.75
181224,908.56,873.64,103.34,52.46
181225,897.94,865.69,102.44,51.88
181226,891.75,861.02,102.28,52.19
181227,900.81,865.45,103.99,52.58
181228,892.54,854.99,104.23,52.83
190102,891.75,855.66,102.67,52.78
190103,878.22,838.79,100.52,52.17
190104,880.9,840.17,100.85,52.19
190107,889.64,851.41,101.93,52.42
190108,887.44,845.43,101.27,52.55
190109,896.99,855.51,102.13,53.01
190110,898.3,857.95,101.78,53.03
190111,902.71,860.3,101.87,53.18
190114,901.8,859.42,101.58,53.14
190115,909.68,865.1,102.58,53.11
190116,908.7,864.29,101.99,53.32
190117,901.89,853.34,101.93,53.29
190118,902.3,854.79,101.56,53.26
190121,911.05,864.1,103.37,53.37
190122,906.55,859.17,102.54,53.86
190123,908.18,861.73,102.67,53.89
190124,908.79,865.52,102.78,53.76
190125,908.88,867.7,102.74,53.72
190128,912.18,868.76,102.31,54.01
190129,915.93,872.03,102.37,54.06
190130,915.84,869.16,102.81,54.28
190131,910.65,866.06,102.88,54.67
190201,908.67,859.81,103.34,54.81
190211,926.1,878.67,105.25,55.62
190212,937.54,888.33,106.04,55.64
190213,945.25,897.42,106.49,55.8
190214,952.34,900.12,106.12,55.39
190215,950.89,897.74,106.11,55.24
190218,961.3,904.93,106.84,55.26
190219,964.35,907.82,106.21,55.24
190220,970.58,911.8,106.3,55.47
190221,987.57,926.09,106.11,55.54
190222,988.91,929.5,106.82,55.55
190225,994.43,939.47,107.61,55.59
190226,987.06,929.51,107.66,55.58
190227,990.27,930.54,107.63,55.6
190228,965.47,904.98,105.86,55.13
190301,979.63,915.32,107.26,55.68
190304,993.99,928.42,108.53,56.04
190305,992.45,923.66,108.24,55.98
190306,994.49,923.58,108.48,56.06
190307,994.03,922.29,108.88,56.25
190308,985.25,914.74,108.22,55.94
190311,984.6,916.24,108.32,56.04
190312,1001.32,929.86,109.55,56.57
190313,1005.41,935.41,109.82,56.78
190314,1008.44,934.42,110.02,57.09
190315,1004.12,927.06,110.44,57.26
190318,1011.86,932.75,110.88,57.42
190319,1006.59,927.56,110.06,57.1
190320,1002.3,924.12,109.62,57.01
190321,981.78,907.87,107.81,56.89
190322,988.71,912.27,108.09,57.23
190325,970.07,893.4,106.41,56.77
190326,969.79,894.58,106.85,57.06
190327,975.91,901.76,107.56,57.15
190328,982.98,901.65,107.34,57.39
190329,980.76,900.13,107.44,57.5
190401,988.53,905.87,107.72,57.27
190402,985.81,903.59,107.82,57.19
190403,984.46,901.5,107.3,56.64
190404,986.91,904.33,107.42,56.86
190405,989.26,904.69,107.87,56.93
190408,997.56,906.55,108.93,56.76
190409,988.48,900.07,107.71,56.58
190410,981.91,893.19,107.43,56.56
190411,985.95,896.04,107.57,56.49
190412,982.9,893.1,107.7,56.64
190416,977.17,887.76,107.11,56.53
190417,972.1,885.66,106.43,56.37
190418,962.3,877.02,105.75,56.01
190419,966.21,880.52,105.88,56.05
190422,965.86,878.23,105.63,55.65
190423,968.0,878.29,106.29,55.68
190424,976.92,888.65,107.14,56.05
190425,974.13,885.65,106.93,56.08
190426,979.64,890.55,107.46,56.23
190502,978.5,893.87,107.0,55.9
190503,974.14,895.42,106.87,55.77
190506,957.97,878.8,105.42,55.28
190507,957.56,877.02,105.83,55.47
190508,951.22,872.78,105.91,55.1
190509,947.01,871.5,105.26,54.87
190510,952.55,876.45,105.86,55.15
190513,958.54,879.64,105.61,55.25
190514,965.34,882.67,105.7,55.15
190515,975.64,893.22,106.43,55.47
190516,975.69,891.93,106.09,55.48
190517,976.48,890.53,105.79,55.24
190520,987.13,901.06,106.31,55.31
190521,986.29,901.36,106.28,55.39
190522,983.78,897.66,106.13,55.39
190523,982.71,895.07,106.3,55.4
190524,970.03,884.48,105.39,55.27
190527,975.14,889.2,105.04,55.25
190528,972.0,885.27,105.03,55.13
190529,971.54,883.52,105.32,55.07
190530,969.34,883.37,105.32,55.03
190531,959.88,876.29,104.35,55.13
190603,946.47,864.08,103.28,54.8
190604,951.16,864.35,103.06,54.9
190605,951.41,863.69,103.54,54.54
190606,948.21,861.31,103.03,54.43
190607,958.28,869.56,104.21,54.61
190610,962.9,872.49,103.99,54.83
190611,962.07,870.91,103.95,55.13
190612,954.17,865.42,103.56,55.12
190613,950.08,859.68,103.5,54.97
190614,953.61,861.65,103.46,55.04
190617,946.95,852.99,103.5,54.96
190618,944.01,848.17,103.75,54.67
190619,949.69,854.34,103.77,54.86
190620,959.18,864.59,105.06,55.15
190621,959.2,866.53,104.85,55.12
190624,962.85,868.94,104.78,55.15
190625,960.13,868.5,104.15,55.2
190626,959.13,866.81,103.95,55.39
190627,943.11,854.41,102.96,55.11
190628,949.94,864.24,103.51,55.65
190701,965.61,876.26,104.09,55.17
190702,961.98,872.92,103.46,54.96
190703,960.39,869.58,103.67,55.29
190704,973.04,879.72,104.34,55.56
190705,975.34,880.23,104.38,56.38
190708,966.35,870.92,103.81,55.68
190709,969.05,872.21,105.1,55.88
190710,973.65,876.12,105.14,56.3
190711,978.63,879.1,106.01,56.78
190712,975.4,874.99,105.86,56.6
190715,972.53,873.71,105.61,56.55
190716,982.11,880.91,105.85,57.3
190717,982.57,879.75,106.58,57.05
190718,976.05,870.81,106.74,57.42
190719,982.34,880.79,107.07,57.54
190722,982.04,879.62,106.76,58.01
190723,989.46,888.26,106.71,58.46
190724,988.41,887.39,106.44,59.23
190725,994.95,890.41,106.76,59.34
190726,993.35,887.84,106.4,58.82
190729,997.94,888.54,105.29,59.18
190730,986.02,877.92,104.43,58.43
190731,991.66,883.19,104.43,58.89
190801,997.39,887.39,103.88,58.84
190802,991.1,885.29,103.7,58.58
190805,973.15,872.39,102.91,58.37
190806,964.61,866.13,101.89,58.31
190807,965.93,868.27,101.89,58.22
190808,975.24,875.81,102.9,58.36
190809,974.34,878.62,102.79,58.43
190812,975.31,882.23,102.82,57.93
190813,966.83,877.97,102.29,57.15
190814,968.91,880.51,101.98,57.14
190815,979.38,890.78,101.66,57.35
190816,980.0,892.44,102.35,57.55
190819,981.03,891.78,102.58,57.6
190820,984.67,894.45,102.98,57.72
190821,994.38,900.54,103.01,57.84
190822,997.26,901.29,103.5,57.93
190823,992.45,900.53,103.25,57.95
190826,982.88,892.48,102.81,57.53
190827,976.79,886.91,102.86,58.01
190828,977.26,886.08,102.32,57.97
190829,978.59,889.13,101.94,57.9
190830,984.06,892.51,102.32,57.83
190903,979.36,888.97,101.4,57.31
190904,977.63,887.12,100.95,57.1
190905,976.79,886.1,100.96,56.8
190906,974.08,885.95,100.92,56.76
190909,974.12,885.61,100.85,56.49
190910,970.26,883.04,99.97,56.15
190911,969.31,885.52,100.17,55.82
190912,976.07,894.32,101.11,56.4
190913,987.22,905.05,102.2,56.72
190916,989.86,908.6,102.21,56.54
190917,996.74,912.38,102.23,56.41
190918,995.15,913.48,102.29,56.42
190919,997.1,918.88,104.04,56.69
190920,990.36,915.16,104.14,56.97
190923,985.75,909.98,104.38,56.69
190924,988.13,910.76,104.01,56.87
190925,987.3,912.42,103.81,56.72
190926,990.75,918.1,104.77,57.22
190927,997.84,924.83,104.77,56.94
190930,996.56,922.89,105.05,56.78
191001,999.59,926.31,105.85,56.84
191002,991.19,919.73,105.27,56.85
191003,992.45,921.7,105.21,57.15
191004,987.59,915.16,105.16,56.93
191007,983.09,907.5,103.73,56.85
191008,988.22,915.27,103.92,56.82
191009,987.83,914.54,104.62,56.62
191010,987.38,913.05,105.16,56.64
191011,991.84,916.68,105.26,56.97
191014,993.57,921.91,106.05,56.78
191015,993.05,923.27,106.01,56.76
191016,994.46,924.64,105.93,56.47
191017,989.82,919.1,106.07,56.47
191018,989.2,919.13,105.48,56.46
191021,983.56,914.0,104.01,56.6
191022,987.19,916.81,104.49,56.78
191023,987.79,919.61,104.14,56.6
191024,993.6,925.25,104.64,56.71
191025,996.57,927.05,104.71,56.51
191028,996.48,925.97,105.04,56.4
191029,995.87,923.97,104.68,56.36
191030,1000.89,925.07,105.89,56.26
191031,998.82,922.68,105.19,56.23
191101,1015.59,933.55,105.75,56.22
191104,1022.43,940.25,106.6,56.59
191105,1024.34,942.34,106.71,56.61
191106,1024.91,942.38,106.75,56.6
191107,1024.03,944.25,106.88,56.83
191108,1022.49,944.7,107.27,56.73
191111,1016.75,939.72,106.76,56.72
191112,1018.33,939.82,106.96,56.8
191113,1012.77,932.6,107.2,56.82
191114,1012.3,928.44,106.24,56.72
191115,1010.03,927.36,106.03,57.0
191118,1002.91,920.95,105.15,56.91
191119,1008.35,926.07,105.49,57.01
191120,1000.56,917.0,104.91,56.88
191121,987.89,898.23,104.74,56.57
191122,977.78,892.31,103.09,56.4
191125,976.35,894.8,103.46,56.05
191126,976.79,897.5,103.99,55.97
191127,978.17,895.06,103.23,56.02
191128,970.39,885.7,102.34,55.7
191129,970.75,887.47,102.5,55.66
191202,959.31,875.1,100.9,55.52
191203,953.43,868.68,101.07,55.53
191204,965.9,883.56,102.47,55.91
191205,963.27,879.32,102.37,55.86
191206,963.56,880.43,102.5,55.92
191209,966.06,879.94,102.36,55.79
191210,960.3,873.16,102.04,55.36
191211,961.78,878.27,102.38,55.4
191212,968.17,884.8,102.71,55.52
191213,966.18,880.55,102.94,55.73
191216,961.47,876.65,103.22,55.53
191217,954.03,867.44,102.9,55.33
191218,951.13,863.16,101.8,55.3
191219,952.26,862.23,102.0,55.47
191220,956.41,868.37,102.42,55.67
191223,959.43,868.2,102.35,55.48
191224,958.88,869.88,102.45,55.75
191225,960.92,873.18,102.93,55.6
191226,958.59,872.07,102.32,55.66
191227,963.51,876.38,102.6,55.81
191230,965.03,880.29,102.16,56.06
191231,960.99,879.06,102.51,56.53
200102,966.67,886.88,102.99,56.62
200103,965.14,883.28,102.39,56.65
200106,955.79,872.34,101.23,55.9
200107,958.88,876.7,101.42,55.76
200108,948.98,865.18,100.33,55.02
200109,960.15,877.76,101.25,55.18
200110,968.54,885.52,101.25,55.18
200113,965.84,881.79,101.25,55.18
200114,967.0,884.77,103.36,55.7
200115,967.56,885.36,103.19,55.35
200116,974.31,891.96,104.32,55.46
200117,978.96,894.84,103.88,55.41
200120,978.63,897.4,104.64,55.49
200121,986.37,906.52,105.59,55.96
200122,991.46,909.09,106.28,56.22
200130,959.58,875.82,104.11,55.73
200131,936.62,848.63,102.36,55.13
200203,928.14,842.67,101.31,54.38
200204,929.09,845.52,102.57,54.74
200205,925.91,845.31,103.19,55.28
200206,938.54,862.86,105.84,55.61
200207,940.75,863.49,104.92,55.76
200210,930.73,852.87,103.97,55.37
200211,934.67,856.39,104.78,55.67
200212,937.68,863.23,108.51,55.91
200213,938.24,864.16,108.19,56.17
200214,937.45,865.86,109.74,56.47
200217,934.77,866.27,109.57,56.26
200218,927.93,861.71,110.07,56.25
200219,928.76,863.84,109.3,56.4
200220,938.13,871.4,109.57,56.34
200221,933.09,868.89,108.09,56.3
200224,903.34,837.4,104.18,55.23
200225,909.67,849.58,106.66,55.53
200226,895.97,841.68,106.61,55.34
200227,898.44,848.34,109.26,55.52
200228,882.19,831.97,109.58,55.05
200302,884.43,835.42,110.67,55.17
200303,890.61,837.99,112.58,55.47
200304,889.37,837.99,114.02,55.54
200305,893.31,839.12,115.03,55.45
200306,891.44,835.97,113.66,55.42
200309,835.49,782.85,106.34,52.47
200310,837.5,789.51,106.2,53.41
200311,811.35,758.16,105.52,52.48
200312,769.25,719.21,101.92,50.92
200313,761.78,716.65,101.38,50.49
200316,747.86,698.18,99.62,50.15
200317,745.78,699.73,100.72,50.32
200318,747.66,700.65,101.84,50.37
200319,725.94,679.55,100.99,49.9
200320,709.73,673.7,101.79,49.87
200323,666.59,632.86,96.46,47.57
200324,659.21,625.43,96.95,48.51
200325,690.25,652.31,100.09,49.53
200326,694.21,646.7,97.81,49.0
200327,696.06,642.23,97.35,48.82
200330,662.26,613.02,93.28,47.63
200331,662.53,610.76,92.64,47.75
200401,680.23,628.79,95.61,48.63
200403,701.8,649.15,97.84,49.14
200406,736.75,682.65,103.26,50.33
200407,746.69,693.61,103.43,50.43
200408,748.02,691.17,103.93,50.31
200409,760.33,697.85,105.08,50.74
200410,757.94,695.74,106.18,50.62
200413,765.79,706.37,107.16,50.86
200414,767.41,713.81,107.15,50.78
200415,777.22,722.8,108.33,51.51
200416,780.7,726.57,108.75,51.54
200417,789.6,734.98,110.46,52.16
200420,794.97,736.31,109.68,52.65
200421,766.84,706.65,104.7,51.18
200422,768.92,714.42,106.8,51.47
200423,773.91,717.49,106.97,51.74
200424,776.66,725.05,106.97,51.66
200427,771.78,721.25,105.96,51.84
200428,767.21,715.74,106.26,52.11
200429,769.11,715.33,106.84,52.22
200504,762.47,709.35,105.72,51.91
200505,764.16,711.01,105.41,51.98
200506,782.59,725.94,106.66,52.34
200507,796.54,739.98,108.31,52.37
200508,813.73,760.15,110.02,52.91
200511,828.33,777.13,111.57,53.49
200512,835.32,782.45,111.78,53.63
200513,834.21,783.69,111.86,53.73
200514,832.4,780.73,111.34,53.48
200515,827.03,773.95,109.02,53.15
200518,837.01,787.27,108.54,53.29
200519,845.92,799.31,108.83,53.8
200520,852.91,803.32,106.94,54.01
200521,862.73,815.55,105.74,54.31
200522,852.74,803.14,107.04,54.24
200525,859.04,807.25,109.15,54.93
200526,869.13,815.01,110.49,55.33
200527,857.48,801.36,108.89,54.93
200528,861.39,804.06,109.64,55.01
200529,864.47,806.23,109.81,55.03
200601,877.49,820.69,114.14,55.56
200602,874.59,818.62,113.64,55.98
200603,881.17,824.29,116.49,56.33
200604,883.9,823.77,117.42,56.33
200605,886.22,826.47,118.08,56.43
200608,899.92,838.52,120.1,57.3
200609,899.43,837.02,120.13,57.29
200610,900.0,839.11,120.68,57.3
200611,867.37,806.87,116.06,55.77
200612,863.52,807.76,116.91,55.95
200615,832.47,778.71,113.82,55.54
200616,856.13,798.82,115.49,56.07
200617,854.44,796.43,113.27,55.88
200618,855.27,797.08,112.74,55.77
200619,868.56,808.28,115.36,56.34
200622,871.28,809.36,114.72,56.68
200623,868.2,807.61,114.63,56.64
200624,859.71,801.62,113.7,56.74
200625,854.59,796.51,114.07,56.63
200626,851.98,795.53,113.45,56.41
200629,829.36,774.81,110.32,55.51
200630,825.11,770.53,109.76,55.52
200701,843.49,786.82,111.69,56.05
200702,842.38,785.59,111.61,55.89
200703,847.61,789.87,111.55,56.26
200706,861.16,803.46,113.07,56.48
200707,863.42,805.68,113.71,56.35
200708,864.5,805.06,114.37,56.77
200709,876.46,817.08,116.16,57.16
200710,871.21,809.02,115.66,57.25
200713,868.72,806.17,115.65,57.28
200714,868.11,805.37,116.14,56.94
200715,869.91,810.16,115.91,56.98
200716,876.83,819.83,115.59,57.03
200717,872.02,814.16,116.81,57.57
200720,861.4,803.36,115.72,57.29
200721,861.69,804.7,116.09,57.38
200722,855.08,797.85,115.32,57.57
200723,856.75,800.29,113.87,57.32
200724,829.16,772.29,109.33,55.77
200727,785.17,729.93,102.85,53.65
200728,813.36,756.17,107.98,55.27
200729,790.84,735.16,106.85,54.17
200730,801.13,746.02,108.1,54.86
200731,798.39,740.73,107.51,54.8
200803,814.65,757.86,110.43,55.51
200804,827.57,768.22,112.5,55.89
200805,837.8,780.71,114.02,56.06
200806,840.04,781.6,113.35,56.12
200807,841.46,782.15,112.78,56.22
200810,843.2,784.3,113.64,56.3
200811,843.08,784.57,116.3,56.52
200812,846.92,788.42,116.1,56.78
200813,855.05,795.09,116.87,56.86
200814,850.74,791.98,116.23,56.74
200817,850.15,791.54,117.21,56.86
200818,846.43,786.95,117.02,57.09
200819,851.21,789.41,119.19,57.17
200820,848.21,786.11,121.18,57.24
200821,854.78,793.6,122.64,57.39
200824,868.68,809.69,123.16,57.98
200825,874.12,815.18,123.37,58.19
200826,873.47,812.36,123.89,58.52
200827,874.71,814.55,124.92,59.05
200828,878.98,821.93,125.84,59.33
200831,881.65,823.93,124.85,58.82
200901,891.73,832.03,125.41,58.8
200903,903.97,843.64,126.05,58.96
200904,901.54,840.54,126.15,58.89
200907,888.25,824.36,125.43,58.64
200908,890.14,827.57,124.8,58.82
200909,889.32,824.42,125.93,58.83
200910,888.82,825.85,125.82,59.03
200911,888.97,825.56,126.21,59.09
200914,894.57,832.24,127.43,59.41
200915,896.26,833.33,127.93,59.56
200916,897.47,834.5,127.87,59.76
200917,894.04,831.84,128.47,59.87
200918,900.95,841.26,129.2,60.59
200921,907.94,851.54,130.58,60.74
200922,906.19,852.72,132.19,60.66
200923,912.5,858.3,132.64,60.96
200924,908.58,853.21,131.71,61.0
200925,908.27,854.71,131.52,61.29
200928,912.5,863.31,133.12,61.78
200929,903.98,856.2,131.74,61.49
200930,905.21,858.54,132.93,61.73
201001,914.09,867.58,133.5,62.41
201002,909.91,861.51,134.91,62.35
201005,914.68,867.73,137.19,62.81
201006,915.67,871.37,137.77,63.87
201007,919.72,870.85,136.13,63.95
201008,918.84,869.82,135.61,63.53
201009,924.0,874.53,136.91,64.02
201012,925.83,874.9,135.9,63.47
201013,929.86,878.35,136.15,63.43
201014,940.18,892.15,137.49,63.13
201015,942.76,899.2,139.66,63.48
201016,943.3,901.59,139.82,63.85
201019,943.69,903.51,140.88,63.95
201020,944.42,909.49,140.33,63.71
201021,939.03,906.1,139.98,63.75
201022,949.9,918.3,140.86,63.64
201023,961.26,930.3,141.7,63.91
201026,950.8,919.56,139.03,63.57
201027,946.47,915.46,137.13,63.4
201028,921.05,888.88,134.04,62.73
201029,919.08,886.68,134.37,62.74
201030,925.47,892.55,135.34,62.85
201102,933.68,899.27,136.87,63.08
201103,935.41,902.14,138.58,63.14
201104,939.76,905.48,140.03,63.49
201105,937.75,903.64,138.3,63.31
201106,938.29,902.91,139.31,63.57
201109,951.99,917.42,141.61,64.02
201110,951.9,916.5,141.37,64.16
201111,952.22,916.68,141.82,65.03
201112,959.28,923.0,144.62,64.52
201113,966.29,931.2,144.74,64.7
201116,950.79,915.97,143.36,64.84
201117,968.9,934.65,146.58,66.15
201118,973.53,937.67,146.8,65.88
201119,983.26,944.92,146.85,66.05
201120,990.0,950.89,147.21,66.43
201123,994.19,960.03,148.18,66.68
201124,995.76,959.61,147.58,66.76
201125,999.94,960.63,148.09,66.6
201126,1005.97,964.16,148.4,66.5
201127,1010.22,971.11,148.17,66.78
201130,1003.08,965.89,147.7,66.9
201201,1008.87,976.35,148.93,67.81
201202,1014.32,979.95,150.8,68.6
201203,1019.8,985.44,151.99,69.02
201204,1021.49,984.34,152.48,68.61
201207,1029.98,992.01,154.2,68.68
201208,1029.26,993.61,156.61,68.94
201209,1039.13,1004.03,158.74,69.26
201210,1030.91,994.28,159.3,68.7
201211,1045.96,1008.65,162.32,68.72
201214,1064.09,1024.28,165.74,69.36
201215,1055.27,1013.02,167.87,69.62
201216,1066.99,1029.72,171.62,70.25
201217,1051.77,1016.95,172.0,70.29
201218,1067.46,1036.65,177.02,70.94
201221,1081.08,1049.71,182.11,71.64
201222,1083.45,1052.23,187.85,72.82
201223,1078.9,1045.7,190.25,73.59
201224,1067.52,1033.95,187.63,73.07
201225,1084.42,1052.13,192.46,72.94
201228,1091.33,1054.23,196.57,73.1
201229,1099.49,1058.39,197.1,73.83
201230,1097.54,1059.16,196.94,73.41
201231,1103.87,1070.77,203.12,74.44
210104,1120.47,1091.87,206.28,74.2
210105,1132.55,1104.3,208.13,74.43
210106,1143.21,1113.72,211.68,74.82
210107,1156.49,1130.59,216.23,75.38
210108,1167.69,1147.86,217.4,76.07
210111,1184.89,1163.4,219.12,76.95
210112,1192.28,1169.03,221.97,77.89
210113,1186.05,1164.57,222.49,77.93
210114,1187.4,1168.99,222.27,77.75
210115,1194.2,1182.2,225.47,78.64
210118,1191.94,1173.34,230.5,78.55
210119,1131.0,1107.32,224.02,76.15
210120,1134.68,1116.21,233.26,76.18
210121,1164.21,1151.3,240.27,77.46
210122,1166.78,1156.58,240.12,77.6
210125,1166.05,1154.29,231.84,77.42
210126,1136.12,1125.09,227.82,76.42
210127,1097.17,1083.63,220.79,74.46
210128,1023.94,1010.75,203.05,69.12
210129,1056.61,1048.31,214.21,72.08
210201,1035.51,1029.86,208.85,71.08
210202,1075.53,1079.7,215.36,71.66
210203,1111.29,1117.98,223.62,73.3
210204,1112.19,1117.74,223.68,74.06
210205,1126.91,1135.5,223.84,73.88
210208,1083.18,1092.59,220.76,72.65
210209,1114.93,1129.49,224.9,73.81
210217,1155.78,1174.91,230.57,75.74
210218,1174.38,1187.94,230.96,75.35
210219,1173.5,1180.59,231.18,76.13
210222,1175.04,1180.55,237.97,76.56
210223,1177.64,1182.47,238.78,76.47
210224,1162.01,1167.18,237.89,76.22
210225,1165.43,1169.82,246.2,76.48
210226,1168.47,1173.6,249.22,76.64
210301,1186.17,1191.83,252.37,77.15
210302,1186.61,1194.71,247.94,77.46
210303,1186.95,1195.6,254.1,78.1
210304,1168.52,1174.29,255.77,77.96
210305,1168.69,1173.83,259.8,78.56
210308,1168.27,1170.0,263.42,79.41
210309,1161.97,1163.0,264.83,79.54
210310,1170.08,1172.26,267.1,80.23
210311,1181.73,1188.71,273.52,80.34
210312,1181.56,1187.81,273.91,80.33
210315,1184.56,1190.86,275.19,80.83
210316,1179.9,1187.84,275.88,80.92
210317,1186.09,1193.45,276.55,81.71
210318,1200.94,1211.54,277.48,81.68
210319,1194.05,1203.36,277.7,81.48
210322,1194.43,1198.54,274.84,81.28
210323,1183.45,1186.98,272.34,81.14
210324,1161.81,1165.61,268.69,80.5
210325,1163.1,1164.64,267.19,80.38
210326,1162.21,1167.19,270.96,79.86
210329,1175.68,1180.07,276.16,80.52
210330,1186.36,1190.86,281.14,80.63
210331,1191.44,1196.24,286.67,81.41
210401,1216.1,1226.16,292.4,81.71
210402,1224.45,1238.03,294.89,82.27
210405,1236.05,1249.9,291.24,82.84
210406,1239.96,1255.36,291.68,82.6
210407,1242.38,1257.77,292.84,82.56
210408,1234.89,1251.81,293.75,83.07
210409,1231.66,1253.26,293.79,83.01
210412,1252.45,1278.19,295.53,84.1
210413,1248.33,1277.35,292.19,83.13
210414,1255.87,1290.77,294.83,83.4
210415,1247.25,1284.2,296.12,82.69
210416,1238.71,1276.87,293.11,81.8
210419,1260.58,1306.22,295.75,81.99
210420,1268.28,1312.68,296.48,81.73
210422,1227.82,1271.53,287.04,79.75
210423,1248.53,1301.39,283.63,80.4
210426,1215.77,1275.04,280.68,79.42
210427,1219.75,1283.81,280.56,79.41
210428,1229.55,1294.06,282.07,80.12
210429,1239.39,1312.28,281.75,80.68
210504,1242.2,1328.03,277.71,79.86
210505,1256.43,1346.89,280.93,80.66
210506,1250.57,1344.64,281.09,81.18
210507,1241.81,1340.73,279.86,80.85
210510,1259.58,1370.66,280.27,80.84
210511,1256.04,1359.19,279.76,81.07
210512,1269.09,1380.17,282.33,81.47
210513,1261.99,1370.18,287.03,81.17
210514,1266.36,1380.02,294.72,81.0
210517,1258.7,1371.36,296.79,80.42
210518,1252.68,1378.59,294.64,80.06
210519,1262.49,1401.71,295.25,79.81
210520,1278.22,1424.92,295.1,79.76
210521,1283.93,1425.04,297.99,81.63
210524,1297.98,1430.48,300.33,82.63
210525,1308.58,1444.01,301.59,82.91
210526,1316.7,1455.11,304.86,83.06
210527,1303.57,1437.38,304.45,84.08
210528,1320.46,1458.78,310.46,86.11
210531,1328.05,1474.78,317.85,88.77
210601,1337.78,1482.92,318.47,88.87
210602,1340.78,1478.85,322.05,89.39
210603,1364.28,1504.37,329.95,90.66
210604,1374.05,1508.35,329.76,90.6
210607,1358.78,1484.1,318.63,89.06
210608,1319.88,1438.97,306.39,86.4
210609,1332.9,1457.76,316.87,87.25
210610,1323.58,1451.18,311.32,87.17
210611,1351.74,1487.61,316.69,88.93
210614,1361.72,1495.51,319.01,88.83
210615,1367.36,1487.04,318.29,88.87
210616,1356.52,1465.58,313.65,88.82
210617,1359.92,1461.91,317.07,89.55
210618,1377.77,1481.3,318.73,90.22
210621,1372.63,1478.29,316.24,89.71
210622,1379.97,1489.24,317.09,90.1
210623,1376.87,1489.53,315.8,90.04
210624,1379.72,1486.96,315.08,89.67
210625,1390.12,1500.3,318.22,89.47
210628,1405.81,1521.41,323.1,89.8
210629,1410.04,1529.97,323.79,90.3
210630,1408.55,1529.0,323.32,90.25
210701,1417.08,1545.14,325.72,90.44
210702,1420.27,1554.59,328.01,90.64
210705,1411.13,1557.41,327.76,90.47
210706,1354.79,1488.42,318.51,89.07
210707,1388.55,1538.77,319.83,89.14
210708,1374.68,1521.21,315.98,88.49
210709,1347.14,1494.43,306.73,87.08
210712,1296.3,1443.1,292.98,83.89
210713,1297.54,1440.87,296.7,85.36
210714,1279.91,1410.3,296.84,84.56
210715,1293.92,1430.29,306.3,84.98
210716,1299.31,1438.05,307.76,85.33
210719,1243.51,1374.15,292.06,82.59
210720,1273.29,1411.02,301.11,83.69
210721,1270.79,1406.54,300.8,84.3
210722,1293.67,1428.48,305.97,85.57
210723,1268.83,1401.53,301.77,84.37
210726,1272.71,1403.96,302.88,83.87
210727,1276.93,1409.85,306.0,84.77
210728,1277.07,1407.5,306.25,84.96
210729,1293.6,1427.55,310.97,86.14
210730,1310.05,1447.23,314.85,86.93
210802,1314.22,1448.21,314.93,87.35
210803,1332.44,1469.87,319.13,87.59
210804,1334.74,1472.2,320.02,87.52
210805,1345.55,1486.46,325.46,87.93
210806,1341.45,1476.79,325.46,88.28
210809,1359.86,1497.83,330.68,89.38
210810,1362.43,1494.41,335.08,90.53
210811,1357.79,1487.91,334.44,92.01
210812,1353.05,1477.06,334.33,91.98
210813,1357.05,1484.25,336.96,92.17
210816,1370.96,1500.77,343.53,94.04
210817,1363.09,1494.12,343.11,94.2
210818,1360.94,1489.54,344.82,94.48
210819,1374.85,1505.01,346.07,94.71
210820,1329.43,1450.45,338.06,92.7
210823,1298.86,1412.0,334.84,91.46
210824,1298.74,1418.26,331.79,91.13
210825,1309.55,1428.51,336.01,91.53
210826,1301.12,1412.45,336.85,91.54
210827,1313.2,1418.57,338.79,92.13
210830,1328.14,1431.05,341.3,93.22
210831,1331.47,1428.66,342.81,93.77
210901,1334.65,1426.94,343.42,94.01
210906,1346.39,1441.54,345.63,94.66
210907,1341.9,1444.1,346.48,94.7
210908,1333.61,1433.71,347.28,94.36
210909,1343.98,1447.28,350.44,94.82
210910,1345.31,1448.33,350.05,95.41
210913,1341.43,1444.99,349.05,95.26
210914,1339.7,1438.16,347.86,95.01
210915,1345.83,1444.85,350.75,95.82
210916,1345.87,1448.98,353.24,96.25
210917,1352.64,1455.59,357.97,97.4
210920,1350.48,1458.66,358.87,97.45
210921,1339.84,1446.22,358.98,96.77
210922,1350.68,1453.22,363.43,97.65
210923,1352.76,1458.23,361.02,98.37
210924,1351.17,1459.94,359.63,98.07
210927,1324.99,1439.2,353.01,95.75
210928,1339.31,1451.12,356.03,96.01
210929,1339.21,1450.52,354.29,95.94
210930,1342.06,1453.76,357.33,96.56
211001,1334.89,1441.83,356.49,95.98
211004,1339.54,1443.61,360.89,96.18
211005,1354.63,1456.21,366.5,96.89
211006,1362.82,1461.72,368.47,97.38
211007,1365.99,1462.74,370.4,97.96
211008,1372.73,1476.54,371.92,98.3
211011,1394.09,1510.27,374.34,98.8
211012,1394.8,1509.57,375.68,98.81
211013,1391.91,1505.55,379.34,98.78
211014,1391.85,1503.38,384.84,99.28
211015,1392.7,1504.84,384.84,99.44
211018,1395.53,1510.49,384.88,99.36
211019,1395.33,1507.19,387.0,99.6
211020,1393.8,1505.03,388.29,99.68
211021,1384.77,1489.26,388.45,99.77
211022,1389.24,1488.71,391.21,100.36
211025,1385.4,1476.97,395.88,100.92
211026,1391.63,1482.62,397.81,101.87
211027,1423.02,1516.46,404.37,102.67
211028,1438.01,1529.26,411.07,104.38
211029,1444.27,1532.35,412.12,105.38
211101,1438.97,1516.75,415.54,105.95
211102,1452.46,1521.35,424.11,106.93
211103,1444.3,1530.65,415.71,106.98
211104,1448.34,1528.21,422.42,107.38
211105,1456.51,1531.76,427.64,108.2
211108,1467.57,1535.66,432.1,109.03
211109,1461.5,1527.13,432.64,109.18
211110,1465.02,1523.79,438.24,109.65
211111,1462.35,1514.36,438.73,109.21
211112,1473.37,1527.94,441.63,110.66
211115,1476.57,1528.68,444.28,111.74
211116,1466.45,1517.22,452.25,111.48
211117,1475.85,1519.58,462.95,112.21
211118,1469.83,1503.42,468.73,113.52
211119,1452.35,1500.05,453.97,113.24
211122,1447.25,1517.04,444.62,111.96
211123,1463.63,1533.12,448.6,113.03
211124,1488.87,1565.29,455.58,114.64
211125,1500.81,1572.46,459.67,114.61
211126,1493.03,1566.55,458.63,114.34
211129,1484.84,1553.04,460.58,114.06
211130,1478.44,1537.59,458.05,114.1
211201,1485.19,1549.81,455.81,114.58
211202,1482.05,1540.88,458.23,114.54
211203,1443.32,1503.98,449.27,112.11
211206,1413.58,1480.92,435.85,109.18
211207,1446.77,1512.62,446.41,110.85
211208,1452.87,1516.16,449.74,111.29
211209,1467.98,1529.61,452.53,111.91
211210,1463.54,1519.46,450.75,111.81
211213,1476.21,1520.8,457.56,112.31
211214,1476.02,1516.44,454.68,112.09
211215,1475.5,1519.42,453.7,111.72
211216,1476.61,1510.17,457.03,111.73
211217,1479.79,1513.56,456.2,111.6
211220,1477.33,1513.6,454.59,111.02
211221,1478.74,1511.48,455.01,111.37
211222,1477.67,1504.12,453.1,110.93
211223,1456.96,1477.37,442.61,109.51
211224,1477.03,1506.67,445.61,110.2
211227,1488.88,1514.55,449.41,110.37
211228,1494.39,1523.54,458.05,110.44
211229,1485.82,1515.94,457.83,110.76
211230,1485.97,1519.62,461.65,111.56
211231,1498.28,1535.71,473.99,112.68
220104,1525.58,1558.87,474.1,113.71
220105,1522.5,1546.01,480.36,114.26
220106,1528.57,1544.95,484.89,114.39
220107,1528.48,1532.24,493.84,115.6
220110,1503.71,1514.7,482.89,114.3
220111,1492.31,1499.74,481.61,114.54
220112,1510.51,1530.04,473.64,114.19
220113,1496.05,1526.43,460.83,112.67
220114,1496.02,1523.57,466.86,112.22
220117,1452.84,1478.61,445.34,109.36
220118,1438.94,1477.06,421.21,107.47
220119,1442.79,1482.55,409.31,107.84
220120,1465.3,1492.81,411.8,109.67
220121,1472.89,1502.16,417.84,109.68
220124,1439.71,1471.31,400.76,106.71
220125,1479.58,1516.16,410.23,108.03
220126,1481.58,1525.31,411.82,109.05
220127,1470.76,1516.57,411.27,108.73
220128,1478.96,1532.24,416.73,109.68
220207,1497.66,1541.25,419.33,110.75
220208,1500.99,1550.46,417.89,111.52
220209,1505.38,1552.44,424.19,111.98
220210,1506.79,1548.95,428.24,112.64
220211,1501.71,1545.92,426.89,112.54
220214,1471.96,1505.07,421.01,110.83
220215,1492.75,1527.36,423.84,111.22
220216,1492.1,1521.47,429.12,111.8
220217,1507.99,1540.51,430.24,112.42
220218,1504.84,1531.47,435.61,112.72
220221,1510.84,1533.4,440.99,113.65
220222,1503.47,1532.36,434.43,113.01
220223,1512.3,1538.83,442.54,113.51
220224,1494.85,1522.04,434.88,112.32
220225,1498.89,1526.5,440.16,112.62
220228,1490.13,1517.18,440.42,112.2
220301,1498.78,1520.12,443.56,112.38
220302,1485.52,1498.61,442.25,111.8
220303,1505.0,1522.49,449.31,113.19
220304,1505.33,1525.34,450.59,113.29
220307,1499.05,1509.12,452.86,113.22
220308,1473.71,1490.17,445.89,112.61
220309,1473.74,1489.25,444.6,113.36
220310,1479.08,1490.24,447.64,115.29
220311,1466.54,1477.14,442.2,115.37
220314,1446.25,1461.1,436.57,115.05
220315,1452.74,1468.89,443.52,115.56
220316,1459.33,1472.69,446.18,116.04
220317,1461.34,1469.92,446.16,115.94
220318,1469.1,1476.94,451.21,116.04
220321,1494.95,1502.67,458.29,116.18
220322,1503.78,1513.4,461.35,116.8
220323,1502.34,1505.59,462.1,116.58
220324,1498.26,1497.44,462.8,117.27
220325,1498.5,1498.36,461.75,117.0
220328,1483.18,1484.16,454.89,116.0
220329,1497.76,1500.57,461.24,117.37
220330,1490.51,1500.23,451.19,116.88
220331,1492.15,1508.53,449.62,117.04
220401,1516.44,1542.47,454.1,117.19
220404,1524.7,1548.04,458.69,117.67
220405,1520.03,1539.2,456.1,117.7
220406,1522.9,1557.11,446.83,116.84
220407,1502.35,1541.96,441.61,115.81
220408,1482.0,1524.31,432.02,113.84
220412,1455.25,1507.2,421.01,112.53
220413,1477.2,1525.39,427.45,113.3
220414,1472.12,1518.01,423.69,113.41
220415,1458.56,1493.74,416.71,112.36
220418,1432.6,1468.25,403.12,110.21
220419,1406.45,1440.61,392.69,108.3
220420,1384.72,1435.5,380.04,106.4
220421,1370.21,1426.87,366.61,104.89
220422,1379.23,1444.32,359.12,104.15
220425,1310.92,1366.39,337.51,99.54
220426,1341.34,1396.9,345.17,101.12
220427,1353.77,1402.03,357.09,101.37
220428,1350.99,1400.88,360.2,102.69
220429,1366.8,1417.31,365.83,104.31
220504,1348.68,1389.59,360.97,104.02
220505,1360.68,1404.88,358.75,103.82
220506,1329.26,1373.21,343.46,101.88
220509,1269.62,1314.04,323.39,96.5
220510,1293.56,1345.46,330.02,99.06
220511,1301.53,1349.82,333.04,98.79
220512,1238.84,1279.76,315.52,96.44
220513,1182.77,1223.76,302.39,93.61
220516,1171.95,1215.08,307.05,93.2
220517,1228.37,1279.55,315.44,95.89
220518,1240.76,1286.41,309.84,94.73
220519,1241.64,1283.55,308.02,94.57
220520,1240.71,1282.51,307.02,94.11
220523,1218.81,1255.35,300.66,93.63
220524,1233.38,1272.71,305.96,93.13
220525,1268.43,1310.7,314.91,94.78
220526,1268.57,1309.5,313.29,94.95
220527,1285.45,1335.68,311.17,95.29
220530,1293.92,1342.87,312.77,95.71
220531,1292.68,1332.59,315.76,95.45
220601,1299.52,1335.49,315.37,95.1
220602,1288.62,1325.49,311.77,94.32
220603,1287.98,1327.4,310.48,94.17
220606,1290.01,1327.04,306.81,93.9
220607,1291.35,1324.37,304.15,93.7
220608,1307.91,1342.03,310.93,95.01
220609,1307.8,1342.92,312.74,94.89
220610,1284.08,1325.69,306.44,93.73
220613,1227.04,1260.85,288.37,90.53
220614,1230.31,1261.16,290.08,90.62
220615,1213.93,1253.09,283.25,88.65
220616,1236.63,1280.37,287.77,89.26
220617,1217.3,1258.03,280.06,87.1
220620,1180.4,1225.56,267.92,85.44
220621,1172.47,1224.54,264.62,85.03
220622,1169.27,1227.18,269.39,85.63
220623,1188.88,1240.58,277.18,86.7
220624,1185.48,1235.47,275.93,87.1
220627,1202.82,1256.67,280.42,88.14
220628,1218.1,1273.41,283.87,89.01
220629,1218.09,1273.4,282.35,88.88
220630,1197.6,1248.92,277.68,88.58
220701,1198.9,1252.24,278.88,88.18
220704,1195.53,1248.37,281.19,87.9
220705,1181.29,1242.05,277.94,87.19
220706,1149.61,1211.94,271.92,86.22
220707,1166.48,1229.23,271.86,86.38
220708,1171.31,1231.54,277.8,86.96
220711,1155.29,1209.02,276.93,86.26
220712,1174.82,1219.44,281.99,86.78
220713,1173.92,1216.94,281.36,87.09
220714,1182.17,1221.94,284.75,87.19
220715,1179.25,1220.14,284.4,87.32
220718,1176.49,1214.28,284.63,87.46
220719,1178.33,1211.7,284.43,87.89
220720,1194.14,1225.62,288.87,88.88
220721,1198.47,1235.25,288.09,89.12
220722,1194.76,1228.84,288.83,88.84
220725,1188.5,1222.6,285.38,88.35
220726,1185.07,1218.49,282.88,88.41
220727,1191.04,1219.43,284.52,88.87
220728,1208.12,1236.14,289.84,89.5
220729,1206.33,1232.0,288.61,89.6
220801,1231.35,1256.25,294.62,89.91
220802,1241.62,1265.97,295.84,90.13
220803,1249.76,1269.83,298.11,90.31
220804,1254.15,1277.73,297.73,90.86
220805,1252.74,1272.06,299.9,91.32
220808,1256.75,1276.7,301.33,92.32
220809,1258.85,1281.44,301.41,92.86
220810,1256.5,1277.15,303.54,93.11
220811,1252.07,1272.33,300.18,92.72
220812,1262.33,1280.96,303.42,92.84
220815,1274.2,1293.79,303.97,92.64
220816,1274.69,1295.1,303.02,92.84
220817,1275.28,1300.4,302.59,93.07
220818,1273.66,1299.93,301.19,92.85
220819,1269.18,1294.93,297.94,92.77
220822,1260.43,1285.45,294.73,92.22
220823,1270.81,1292.0,299.14,92.78
220824,1277.16,1296.41,301.3,93.3
220825,1288.88,1311.55,301.86,93.59
220826,1282.57,1306.81,299.5,92.88
220829,1270.8,1293.25,295.54,91.58
220830,1279.39,1298.14,293.86,92.39
220831,1280.51,1301.44,291.92,92.45
220905,1277.35,1298.15,292.82,91.78
220906,1277.4,1299.06,293.27,91.64
220907,1243.17,1268.95,284.05,90.39
220908,1234.6,1265.57,282.15,90.31
220909,1248.78,1275.64,284.63,90.65
220912,1249.62,1275.6,283.08,90.24
220913,1248.4,1272.48,281.59,90.4
220914,1240.77,1260.88,279.42,90.16
220915,1245.66,1262.82,279.69,90.27
220916,1234.03,1252.78,272.88,89.46
220919,1205.43,1229.88,264.25,88.34
220920,1218.93,1241.07,266.91,88.51
220921,1210.55,1228.2,265.09,88.23
220922,1214.7,1228.94,265.64,88.55
220923,1203.28,1215.41,264.44,88.59
220926,1174.35,1187.22,255.68,86.68
220927,1166.54,1182.46,255.52,86.71
220928,1143.62,1160.66,252.35,85.84
220929,1126.07,1147.44,249.41,85.22
220930,1132.11,1152.01,250.25,84.97
221003,1086.44,1102.0,238.17,82.76
221004,1078.14,1097.72,235.61,82.38
221005,1104.26,1117.38,242.12,83.79
221006,1074.52,1081.36,235.13,82.41
221007,1035.91,1039.54,226.09,79.98
221010,1042.48,1038.93,229.85,80.14
221011,1006.2,1001.68,218.78,77.95
221012,1034.81,1034.93,223.43,78.94
221013,1050.99,1051.24,224.74,78.97
221014,1061.85,1061.39,227.89,80.16
221017,1051.58,1047.2,226.46,80.01
221018,1063.66,1059.06,229.12,80.32
221019,1060.07,1053.65,227.9,80.67
221020,1058.45,1053.26,225.88,80.78
221021,1019.82,1010.57,217.41,78.57
221024,986.15,973.88,209.5,76.45
221025,997.7,991.52,208.02,76.25
221026,993.36,990.41,205.95,75.85
221027,1028.01,1028.5,213.63,77.28
221028,1027.36,1029.49,213.73,76.09
221031,1027.94,1026.84,210.43,76.29
221101,1033.75,1038.09,212.36,76.49
221102,1023.19,1025.18,211.66,76.01
221103,1019.81,1023.8,210.74,75.66
221104,997.15,997.92,204.56,74.26
221107,975.19,972.85,198.56,72.25
221108,981.65,980.09,199.77,72.28
221109,985.59,979.68,201.39,72.2
221110,947.24,936.8,192.39,68.8
221111,954.53,948.86,189.81,68.62
221114,941.04,936.31,183.45,66.81
221115,911.9,904.77,175.78,63.3
221116,942.9,940.29,183.45,65.32
221117,969.26,971.04,187.86,66.54
221118,969.33,971.2,190.87,67.11
221121,960.65,956.89,192.4,67.64
221122,952.12,945.54,194.66,68.41
221123,946.0,938.73,191.0,67.65
221124,947.71,940.76,191.22,67.51
221125,971.46,967.49,196.77,68.41
221128,1005.69,1004.34,204.06,70.06
221129,1032.16,1029.04,208.22,70.36
221130,1048.42,1049.21,208.79,70.87
221201,1036.28,1042.64,211.0,71.41
221202,1080.01,1092.99,215.96,72.21
221205,1093.67,1110.94,219.96,73.24
221206,1048.69,1054.06,212.8,71.02
221207,1041.02,1047.58,209.93,70.45
221208,1050.53,1062.73,215.37,71.62
221209,1051.81,1065.08,217.0,71.6
221212,1032.07,1037.42,210.53,71.5
221213,1047.45,1056.43,213.59,71.84
221214,1050.43,1056.17,213.21,72.11
221215,1055.32,1068.08,212.95,72.59
221216,1052.48,1064.07,212.99,72.19
221219,1038.4,1050.22,212.24,72.12
221220,1023.13,1029.79,207.53,71.03
221221,1018.88,1033.1,204.46,70.7
221222,1022.61,1038.34,205.79,70.83
221223,1020.34,1034.13,205.3,71.01
221226,985.21,987.77,198.5,69.71
221227,1004.57,1007.36,203.14,70.52
221228,1015.66,1013.95,206.04,70.44
221229,1009.29,1008.3,206.54,70.89
221230,1007.09,1005.19,205.31,71.65
230103,1043.9,1047.25,212.56,72.38
230104,1046.35,1050.15,213.06,72.76
230105,1055.82,1061.9,213.11,72.82
230106,1051.44,1057.4,210.65,72.75
230109,1054.21,1061.14,209.67,72.73
230110,1053.35,1060.53,210.63,72.48
230111,1055.76,1065.22,211.67,72.37
230112,1056.39,1066.24,211.94,72.19
230113,1060.17,1069.86,211.26,72.09
230116,1066.68,1075.71,210.88,72.22
230117,1088.29,1103.73,215.15,72.97
230118,1098.28,1115.72,217.73,73.54
230119,1108.08,1121.92,219.87,73.98
230127,1117.1,1130.65,220.76,74.99
230130,1102.57,1113.95,220.78,75.4
230131,1111.18,1125.07,222.43,75.84
230201,1075.97,1088.09,216.01,74.93
230202,1077.59,1093.48,215.31,74.88
230203,1077.15,1085.7,215.28,75.54
230206,1089.29,1094.37,214.47,75.96
230207,1065.84,1069.5,210.0,75.54
230208,1072.22,1073.38,210.62,76.43
230209,1064.03,1059.91,210.91,77.25
230210,1055.3,1048.74,208.5,77.34
230213,1043.7,1040.4,204.49,77.2
230214,1038.64,1034.93,204.86,77.94
230215,1048.2,1043.34,207.97,79.47
230216,1058.29,1055.26,210.84,79.66
230217,1059.31,1053.72,209.95,78.94
230220,1086.69,1087.36,215.83,78.82
230221,1082.23,1080.9,214.08,78.18
230222,1054.28,1051.08,209.96,77.44
230223,1053.66,1050.95,209.31,77.4
230224,1039.56,1030.42,207.32,76.73
230227,1021.25,1011.46,203.27,75.85
230228,1024.68,1014.96,202.38,76.44
230301,1040.55,1034.43,206.83,76.64
230302,1037.61,1028.73,206.14,76.28
230303,1024.77,1013.35,204.89,75.8
230306,1027.18,1014.26,206.56,76.0
230307,1037.84,1027.16,207.5,76.17
230308,1049.18,1040.59,208.68,76.49
230309,1055.95,1050.28,209.03,76.6
230310,1053.0,1047.2,207.86,76.77
230313,1052.8,1050.07,205.85,76.38
230314,1040.13,1037.35,202.55,75.77
230315,1062.19,1064.38,207.01,76.59
230316,1047.4,1046.99,204.19,76.02
230317,1045.14,1047.71,204.47,76.43
230320,1023.1,1024.5,201.62,76.02
230321,1032.43,1035.04,203.11,75.67
230322,1040.54,1043.14,203.96,75.9
230323,1045.1,1046.6,203.32,76.17
230324,1046.79,1051.42,205.72,76.17
230327,1052.25,1056.45,206.67,75.69
230328,1054.29,1058.82,205.76,75.58
230329,1056.33,1061.45,205.59,76.73
230330,1059.44,1067.24,205.95,76.49
230331,1064.64,1073.68,207.5,76.76
230403,1079.28,1088.72,210.48,77.28
230404,1078.45,1088.34,210.73,77.59
230405,1080.86,1089.83,212.58,77.74
230406,1070.91,1078.86,211.43,78.34
230407,1069.71,1078.88,211.6,78.16
230410,1065.35,1077.41,212.0,77.99
230411,1069.46,1081.71,212.34,78.81
230412,1069.45,1080.69,211.94,79.15
230413,1064.3,1074.67,209.84,79.35
230414,1052.89,1063.43,207.25,78.69
230417,1053.81,1065.02,206.63,78.38
230418,1055.02,1064.55,208.25,78.73
230419,1048.98,1056.14,205.85,78.11
230420,1049.25,1053.61,206.61,77.85
230421,1042.91,1046.18,206.92,77.99
230424,1041.36,1046.17,206.76,77.9
230425,1034.85,1037.04,204.69,77.99
230426,1040.8,1045.24,205.84,78.01
230427,1039.63,1041.54,205.86,77.42
230428,1049.12,1051.43,207.48,77.77
230504,1040.61,1039.64,208.15,77.27
230505,1040.31,1038.46,207.8,77.56
230508,1053.44,1049.72,210.92,78.38
230509,1053.77,1049.67,211.95,78.34
230510,1058.26,1054.99,213.89,78.84
230511,1057.12,1054.93,214.41,79.13
230512,1066.9,1066.44,215.1,80.05
230515,1065.71,1070.9,214.33,80.48
230516,1065.91,1069.64,214.62,80.66
230517,1060.44,1062.1,212.86,80.57
230518,1068.31,1070.76,213.01,80.91
230519,1067.07,1068.84,213.91,81.08
230522,1070.64,1073.74,215.9,81.21
230523,1065.85,1068.05,215.79,81.0
230524,1061.79,1061.55,215.96,80.92
230525,1064.63,1062.15,216.78,80.71
230526,1063.76,1060.81,217.64,80.58
230529,1074.98,1069.77,220.31,81.13
230530,1078.05,1071.82,221.33,81.67
230531,1075.17,1066.33,222.81,82.05
230601,1078.39,1068.09,223.97,83.51
230602,1090.84,1086.96,226.03,83.96
230605,1097.82,1091.08,226.56,84.11
230606,1108.31,1102.32,228.72,84.43
230607,1109.54,1105.68,230.33,84.56
230608,1101.32,1092.46,226.78,84.02
230609,1107.53,1100.85,227.6,84.19
230612,1116.02,1109.63,229.37,84.53
230613,1122.46,1115.39,230.25,85.0
230614,1117.42,1110.6,228.91,84.82
230615,1116.97,1108.57,229.53,84.55
230616,1115.22,1109.06,228.44,84.62
230619,1105.4,1098.94,226.52,84.55
230620,1111.72,1104.27,228.77,84.82
230621,1118.46,1112.07,231.77,85.45
230622,1125.3,1117.6,231.91,85.5
230623,1129.38,1126.76,231.54,85.71
230626,1132.03,1131.23,231.01,85.6
230627,1134.33,1134.41,230.82,85.65
230628,1138.35,1141.12,230.25,85.99
230629,1125.39,1125.29,227.48,85.63
230630,1120.18,1123.13,227.32,86.0
230703,1125.5,1123.37,226.6,85.77
230704,1132.0,1128.0,228.76,85.53
230705,1134.62,1129.76,227.84,85.41
230706,1126.22,1119.44,225.08,85.08
230707,1138.07,1129.43,225.82,84.66
230710,1149.02,1143.16,228.37,85.23
230711,1151.77,1146.67,229.22,85.82
230712,1154.2,1146.54,228.88,85.91
230713,1165.42,1156.11,229.97,86.21
230714,1168.4,1160.59,230.19,86.29
230717,1173.13,1164.58,230.95,86.81
230718,1174.09,1166.82,230.96,87.02
230719,1172.98,1165.19,231.47,87.13
230720,1172.81,1168.26,233.07,87.65
230721,1185.9,1186.6,234.98,88.15
230724,1190.72,1193.14,236.53,88.69
230725,1195.9,1198.01,236.93,88.58
230726,1200.84,1201.43,236.2,88.6
230727,1197.33,1199.68,235.64,88.62
230728,1207.67,1212.45,237.54,88.91
230731,1222.9,1230.81,239.55,89.35
230801,1217.56,1222.18,239.35,90.21
230802,1220.43,1221.32,241.31,90.88
230803,1210.95,1210.8,239.77,91.02
230804,1225.98,1231.42,242.41,91.7
230807,1241.42,1250.68,245.68,92.57
230808,1242.23,1247.81,246.07,93.64
230809,1233.99,1239.84,245.88,93.8
230810,1220.61,1226.2,243.91,93.1
230811,1232.21,1240.77,245.25,93.28
230814,1236.84,1243.43,250.44,93.46
230815,1234.05,1241.24,251.45,93.49
230816,1243.26,1256.95,252.56,93.67
230817,1233.48,1247.82,249.97,92.74
230818,1177.99,1190.1,235.96,89.27
230821,1179.76,1190.32,237.97,89.5
230822,1180.49,1193.51,239.65,89.51
230823,1172.56,1182.97,238.07,89.39
230824,1189.39,1201.88,243.23,90.84
230825,1183.37,1193.93,242.9,91.01
230828,1201.72,1213.4,244.88,91.73
230829,1204.43,1215.47,246.48,92.36
230830,1213.16,1225.56,247.96,92.68
230831,1224.05,1234.53,249.75,93.32
230905,1234.98,1244.64,252.28,94.29
230906,1245.5,1260.03,255.36,94.56
230907,1243.14,1255.22,256.14,94.7
230908,1241.48,1249.14,256.2,94.72
230911,1223.63,1230.71,251.33,93.71
230912,1245.44,1255.83,256.32,94.27
230913,1238.39,1247.95,256.11,94.18
230914,1223.81,1234.06,251.86,93.65
230915,1227.36,1238.81,252.76,93.76
230918,1211.81,1223.7,250.48,93.17
230919,1211.5,1225.5,250.22,93.07
230920,1226.11,1234.57,254.82,93.35
230921,1212.74,1219.19,251.87,92.39
230922,1193.05,1197.69,243.15,90.76
230925,1153.2,1159.94,231.5,88.7
230926,1137.96,1153.37,229.75,88.43
230927,1153.85,1168.6,235.84,88.73
230928,1152.43,1164.45,234.5,88.44
230929,1154.15,1166.26,236.35,88.78
231002,1155.25,1167.13,236.72,88.69
231003,1118.1,1130.89,226.68,86.68
231004,1128.67,1138.54,230.2,87.47
231005,1113.89,1124.48,228.01,86.79
231006,1128.54,1139.78,230.45,87.2
231009,1137.36,1150.37,233.55,86.89
231010,1143.69,1160.28,234.17,87.45
231011,1150.81,1167.29,237.0,87.75
231012,1151.61,1165.49,238.44,88.08
231013,1154.73,1166.66,239.05,87.9
231016,1141.42,1153.21,236.46,87.35
