date,VNINDEX,VN30,HNXINDEX,UPCOM,VN30F1M
210922,1350.68,1453.22,363.43,97.65,1295.58
210923,1352.76,1458.23,361.02,98.37,1303.85
210924,1351.17,1459.94,359.63,98.07,1303.76
210927,1324.99,1439.2,353.01,95.75,1289.47
210928,1339.31,1451.12,356.03,96.01,1307.81
210929,1339.21,1450.52,354.29,95.94,1303.14
210930,1342.06,1453.76,357.33,96.56,1305.65
211001,1334.89,1441.83,356.49,95.98,1295.76
211004,1339.54,1443.61,360.89,96.18,1295.13
211005,1354.63,1456.21,366.5,96.89,1302.96
211006,1362.82,1461.72,368.47,97.38,1305.65
211007,1365.99,1462.74,370.4,97.96,1308.17
211008,1372.73,1476.54,371.92,98.3,1325.89
211011,1394.09,1510.27,374.34,98.8,1360.95
211012,1394.8,1509.57,375.68,98.81,1357.81
211013,1391.91,1505.55,379.34,98.78,1351.6
211014,1391.85,1503.38,384.84,99.28,1354.12
211015,1392.7,1504.84,384.84,99.44,1352.86
211018,1395.53,1510.49,384.88,99.36,1358.26
211019,1395.33,1507.19,387.0,99.6,1358.35
211020,1393.8,1505.03,388.29,99.68,1352.41
211021,1384.77,1489.26,388.45,99.77,1338.92
211022,1389.24,1488.71,391.21,100.36,1338.92
211025,1385.4,1476.97,395.88,100.92,1326.36
211026,1391.63,1482.62,397.81,101.87,1336.23
211027,1423.02,1516.46,404.37,102.67,1367.01
211028,1438.01,1529.26,411.07,104.38,1375.09
211029,1444.27,1532.35,412.12,105.38,1376.35
211101,1438.97,1516.75,415.54,105.95,1366.47
211102,1452.46,1521.35,424.11,106.93,1367.73
211103,1444.3,1530.65,415.71,106.98,1371.68
211104,1448.34,1528.21,422.42,107.38,1372.85
211105,1456.51,1531.76,427.64,108.2,1377.6
211108,1467.57,1535.66,432.1,109.03,1379.94
211109,1461.5,1527.13,432.64,109.18,1368.99
211110,1465.02,1523.79,438.24,109.65,1372.4
211111,1462.35,1514.36,438.73,109.21,1357.77
211112,1473.37,1527.94,441.63,110.66,1373.65
211115,1476.57,1528.68,444.28,111.74,1371.05
211116,1466.45,1517.22,452.25,111.48,1361.63
211117,1475.85,1519.58,462.95,112.21,1364.41
211118,1469.83,1503.42,468.73,113.52,1349.78
211119,1452.35,1500.05,453.97,113.24,1343.97
211122,1447.25,1517.04,444.62,111.96,1352.91
211123,1463.63,1533.12,448.6,113.03,1367.58
211124,1488.87,1565.29,455.58,114.64,1397.28
211125,1500.81,1572.46,459.67,114.61,1401.31
211126,1493.03,1566.55,458.63,114.34,1392.45
211129,1484.84,1553.04,460.58,114.06,1388.16
211130,1478.44,1537.59,458.05,114.1,1374.92
211201,1485.19,1549.81,455.81,114.58,1389.95
211202,1482.05,1540.88,458.23,114.54,1377.51
211203,1443.32,1503.98,449.27,112.11,1349.78
211206,1413.58,1480.92,435.85,109.18,1324.02
211207,1446.77,1512.62,446.41,110.85,1352.47
211208,1452.87,1516.16,449.74,111.29,1351.57
211209,1467.98,1529.61,452.53,111.91,1370.36
211210,1463.54,1519.46,450.75,111.81,1360.07
211213,1476.21,1520.8,457.56,112.31,1364.9
211214,1476.02,1516.44,454.68,112.09,1358.28
211215,1475.5,1519.42,453.7,111.72,1359.71
211216,1476.61,1510.17,457.03,111.73,1350.68
211217,1479.79,1513.56,456.2,111.6,1356.93
211220,1477.33,1513.6,454.59,111.02,1346.21
211221,1478.74,1511.48,455.01,111.37,1350.23
211222,1477.67,1504.12,453.1,110.93,1346.21
211223,1456.96,1477.37,442.61,109.51,1328.54
211224,1477.03,1506.67,445.61,110.2,1347.11
211227,1488.88,1514.55,449.41,110.37,1353.36
211228,1494.39,1523.54,458.05,110.44,1357.1
211229,1485.82,1515.94,457.83,110.76,1356.03
211230,1485.97,1519.62,461.65,111.56,1361.84
211231,1498.28,1535.71,473.99,112.68,1372.1
220104,1525.58,1558.87,474.1,113.71,1391.3
220105,1522.5,1546.01,480.36,114.26,1382.81
220106,1528.57,1544.95,484.89,114.39,1379.33
220107,1528.48,1532.24,493.84,115.6,1374.42
220110,1503.71,1514.7,482.89,114.3,1350.77
220111,1492.31,1499.74,481.61,114.54,1342.29
220112,1510.51,1530.04,473.64,114.19,1364.87
220113,1496.05,1526.43,460.83,112.67,1362.01
220114,1496.02,1523.57,466.86,112.22,1357.02
220117,1452.84,1478.61,445.34,109.36,1321.22
220118,1438.94,1477.06,421.21,107.47,1323.45
220119,1442.79,1482.55,409.31,107.84,1323
220120,1465.3,1492.81,411.8,109.67,1332.47
220121,1472.89,1502.16,417.84,109.68,1335.05
220124,1439.71,1471.31,400.76,106.71,1307.7
220125,1479.58,1516.16,410.23,108.03,1339.5
220126,1481.58,1525.31,411.82,109.05,1352.95
220127,1470.76,1516.57,411.27,108.73,1346.72
220128,1478.96,1532.24,416.73,109.68,1360.97
220207,1497.66,1541.25,419.33,110.75,1365.24
220208,1500.99,1550.46,417.89,111.52,1367.65
220209,1505.38,1552.44,424.19,111.98,1372.55
220210,1506.79,1548.95,428.24,112.64,1373.88
220211,1501.71,1545.92,426.89,112.54,1374.33
220214,1471.96,1505.07,421.01,110.83,1345.02
220215,1492.75,1527.36,423.84,111.22,1355.62
220216,1492.1,1521.47,429.12,111.8,1354.73
220217,1507.99,1540.51,430.24,112.42,1371.83
220218,1504.84,1531.47,435.61,112.72,1367.35
220221,1510.84,1533.4,440.99,113.65,1371.83
220222,1503.47,1532.36,434.43,113.01,1360.63
220223,1512.3,1538.83,442.54,113.51,1371.21
220224,1494.85,1522.04,434.88,112.32,1358.12
220225,1498.89,1526.5,440.16,112.62,1360.18
220228,1490.13,1517.18,440.42,112.2,1354.98
220301,1498.78,1520.12,443.56,112.38,1358.92
220302,1485.52,1498.61,442.25,111.8,1346.73
220303,1505.0,1522.49,449.31,113.19,1360.63
220304,1505.33,1525.34,450.59,113.29,1356.59
220307,1499.05,1509.12,452.86,113.22,1348.7
220308,1473.71,1490.17,445.89,112.61,1336.24
220309,1473.74,1489.25,444.6,113.36,1336.69
220310,1479.08,1490.24,447.64,115.29,1335.97
220311,1466.54,1477.14,442.2,115.37,1323.42
220314,1446.25,1461.1,436.57,115.05,1312.12
220315,1452.74,1468.89,443.52,115.56,1313.11
220316,1459.33,1472.69,446.18,116.04,1319.65
220317,1461.34,1469.92,446.16,115.94,1320.01
220318,1469.1,1476.94,451.21,116.04,1322.78
220321,1494.95,1502.67,458.29,116.18,1337.82
220322,1503.78,1513.4,461.35,116.8,1342.38
220323,1502.34,1505.59,462.1,116.58,1339.88
220324,1498.26,1497.44,462.8,117.27,1337.01
220325,1498.5,1498.36,461.75,117.0,1337.01
220328,1483.18,1484.16,454.89,116.0,1327.62
220329,1497.76,1500.57,461.24,117.37,1336.48
220330,1490.51,1500.23,451.19,116.88,1333.25
220331,1492.15,1508.53,449.62,117.04,1333.25
220401,1516.44,1542.47,454.1,117.19,1364.76
220404,1524.7,1548.04,458.69,117.67,1367.8
220405,1520.03,1539.2,456.1,117.7,1365.02
220406,1522.9,1557.11,446.83,116.84,1378.45
220407,1502.35,1541.96,441.61,115.81,1369.05
220408,1482.0,1524.31,432.02,113.84,1363.77
220412,1455.25,1507.2,421.01,112.53,1350.79
220413,1477.2,1525.39,427.45,113.3,1360.01
220414,1472.12,1518.01,423.69,113.41,1353.57
220415,1458.56,1493.74,416.71,112.36,1335.76
220418,1432.6,1468.25,403.12,110.21,1318.31
220419,1406.45,1440.61,392.69,108.3,1301.31
220420,1384.72,1435.5,380.04,106.4,1288.69
220421,1370.21,1426.87,366.61,104.89,1284.48
220422,1379.23,1444.32,359.12,104.15,1280.05
220425,1310.92,1366.39,337.51,99.54,1198.64
220426,1341.34,1396.9,345.17,101.12,1232.22
220427,1353.77,1402.03,357.09,101.37,1241.07
220428,1350.99,1400.88,360.2,102.69,1233.1
220429,1366.8,1417.31,365.83,104.31,1248.16
220504,1348.68,1389.59,360.97,104.02,1225.13
220505,1360.68,1404.88,358.75,103.82,1242.4
220506,1329.26,1373.21,343.46,101.88,1206.53
220509,1269.62,1314.04,323.39,96.5,1158.78
220510,1293.56,1345.46,330.02,99.06,1182.61
220511,1301.53,1349.82,333.04,98.79,1184.38
220512,1238.84,1279.76,315.52,96.44,1125.03
220513,1182.77,1223.76,302.39,93.61,1085.16
220516,1171.95,1215.08,307.05,93.2,1073.65
220517,1228.37,1279.55,315.44,95.89,1134.68
220518,1240.76,1286.41,309.84,94.73,1134.77
220519,1241.64,1283.55,308.02,94.57,1136.54
220520,1240.71,1282.51,307.02,94.11,1138.6
220523,1218.81,1255.35,300.66,93.63,1117.46
220524,1233.38,1272.71,305.96,93.13,1129.86
220525,1268.43,1310.7,314.91,94.78,1158.66
220526,1268.57,1309.5,313.29,94.95,1160.09
220527,1285.45,1335.68,311.17,95.29,1179.35
220530,1293.92,1342.87,312.77,95.71,1182.11
220531,1292.68,1332.59,315.76,95.45,1177.56
220601,1299.52,1335.49,315.37,95.1,1182.47
220602,1288.62,1325.49,311.77,94.32,1172.66
220603,1287.98,1327.4,310.48,94.17,1175.78
220606,1290.01,1327.04,306.81,93.9,1172.66
220607,1291.35,1324.37,304.15,93.7,1172.66
220608,1307.91,1342.03,310.93,95.01,1188.71
220609,1307.8,1342.92,312.74,94.89,1190.76
220610,1284.08,1325.69,306.44,93.73,1169.18
220613,1227.04,1260.85,288.37,90.53,1123.79
220614,1230.31,1261.16,290.08,90.62,1131.02
220615,1213.93,1253.09,283.25,88.65,1115.86
220616,1236.63,1280.37,287.77,89.26,1146.8
220617,1217.3,1258.03,280.06,87.1,1133.78
220620,1180.4,1225.56,267.92,85.44,1133.78
220621,1172.47,1224.54,264.62,85.03,1118.12
220622,1169.27,1227.18,269.39,85.63,1107.19
220623,1188.88,1240.58,277.18,86.7,1117.94
220624,1185.48,1235.47,275.93,87.1,1117.21
220627,1202.82,1256.67,280.42,88.14,1136.24
220628,1218.1,1273.41,283.87,89.01,1148.17
220629,1218.09,1273.4,282.35,88.88,1147.71
220630,1197.6,1248.92,277.68,88.58,1129.14
220701,1198.9,1252.24,278.88,88.18,1130.87
220704,1195.53,1248.37,281.19,87.9,1130.87
220705,1181.29,1242.05,277.94,87.19,1124.4
220706,1149.61,1211.94,271.92,86.22,1109.01
220707,1166.48,1229.23,271.86,86.38,1115.39
220708,1171.31,1231.54,277.8,86.96,1115.39
220711,1155.29,1209.02,276.93,86.26,1093.26
220712,1174.82,1219.44,281.99,86.78,1104.92
220713,1173.92,1216.94,281.36,87.09,1101.73
220714,1182.17,1221.94,284.75,87.19,1106.92
220715,1179.25,1220.14,284.4,87.32,1101.82
220718,1176.49,1214.28,284.63,87.46,1106.65
220719,1178.33,1211.7,284.43,87.89,1104.46
220720,1194.14,1225.62,288.87,88.88,1116.39
220721,1198.47,1235.25,288.09,89.12,1123.67
220722,1194.76,1228.84,288.83,88.84,1122.94
220725,1188.5,1222.6,285.38,88.35,1119.55
220726,1185.07,1218.49,282.88,88.41,1116.8
220727,1191.04,1219.43,284.52,88.87,1120.56
220728,1208.12,1236.14,289.84,89.5,1128.44
220729,1206.33,1232.0,288.61,89.6,1127.61
220801,1231.35,1256.25,294.62,89.91,1140.16
220802,1241.62,1265.97,295.84,90.13,1141.54
220803,1249.76,1269.83,298.11,90.31,1145.3
220804,1254.15,1277.73,297.73,90.86,1152.17
220805,1252.74,1272.06,299.9,91.32,1158.58
220808,1256.75,1276.7,301.33,92.32,1159.96
220809,1258.85,1281.44,301.41,92.86,1166.09
220810,1256.5,1277.15,303.54,93.11,1164.17
220811,1252.07,1272.33,300.18,92.72,1161.79
220812,1262.33,1280.96,303.42,92.84,1172.87
220815,1274.2,1293.79,303.97,92.64,1184.69
220816,1274.69,1295.1,303.02,92.84,1188.27
220817,1275.28,1300.4,302.59,93.07,1199.35
220818,1273.66,1299.93,301.19,92.85,1195.51
220819,1269.18,1294.93,297.94,92.77,1186.7
220822,1260.43,1285.45,294.73,92.22,1177.44
220823,1270.81,1292.0,299.14,92.78,1188.65
220824,1277.16,1296.41,301.3,93.3,1190.6
220825,1288.88,1311.55,301.86,93.59,1207.08
220826,1282.57,1306.81,299.5,92.88,1197.82
220829,1270.8,1293.25,295.54,91.58,1191.34
220830,1279.39,1298.14,293.86,92.39,1192.26
220831,1280.51,1301.44,291.92,92.45,1198.65
220905,1277.35,1298.15,292.82,91.78,1191.34
220906,1277.4,1299.06,293.27,91.64,1195.04
220907,1243.17,1268.95,284.05,90.39,1171.88
220908,1234.6,1265.57,282.15,90.31,1171.05
220909,1248.78,1275.64,284.63,90.65,1181.15
220912,1249.62,1275.6,283.08,90.24,1182.81
220913,1248.4,1272.48,281.59,90.4,1178.37
220914,1240.77,1260.88,279.42,90.16,1166.32
220915,1245.66,1262.82,279.69,90.27,1169.29
220916,1234.03,1252.78,272.88,89.46,1149.31
220919,1205.43,1229.88,264.25,88.34,1136.77
220920,1218.93,1241.07,266.91,88.51,1145.32
220921,1210.55,1228.2,265.09,88.23,1133.15
220922,1214.7,1228.94,265.64,88.55,1138.16
220923,1203.28,1215.41,264.44,88.59,1124.23
220926,1174.35,1187.22,255.68,86.68,1107.5
220927,1166.54,1182.46,255.52,86.71,1101
220928,1143.62,1160.66,252.35,85.84,1082.42
220929,1126.07,1147.44,249.41,85.22,1066.62
220930,1132.11,1152.01,250.25,84.97,1068.48
221003,1086.44,1102.0,238.17,82.76,1024.44
221004,1078.14,1097.72,235.61,82.38,1023.88
221005,1104.26,1117.38,242.12,83.79,1036.15
221006,1074.52,1081.36,235.13,82.41,1003.44
221007,1035.91,1039.54,226.09,79.98,959.03
221010,1042.48,1038.93,229.85,80.14,959.31
221011,1006.2,1001.68,218.78,77.95,918.89
221012,1034.81,1034.93,223.43,78.94,952.43
221013,1050.99,1051.24,224.74,78.97,965.91
221014,1061.85,1061.39,227.89,80.16,973.71
221017,1051.58,1047.2,226.46,80.01,975.57
221018,1063.66,1059.06,229.12,80.32,982.91
221019,1060.07,1053.65,227.9,80.67,978.36
221020,1058.45,1053.26,225.88,80.78,983
221021,1019.82,1010.57,217.41,78.57,933.53
221024,986.15,973.88,209.5,76.45,892.78
221025,997.7,991.52,208.02,76.25,910.78
221026,993.36,990.41,205.95,75.85,916.94
221027,1028.01,1028.5,213.63,77.28,971.44
221028,1027.36,1029.49,213.73,76.09,962.91
221031,1027.94,1026.84,210.43,76.29,970.49
221101,1033.75,1038.09,212.36,76.49,964.8
221102,1023.19,1025.18,211.66,76.01,967.65
221103,1019.81,1023.8,210.74,75.66,948.79
221104,997.15,997.92,204.56,74.26,928.79
221107,975.19,972.85,198.56,72.25,900.36
221108,981.65,980.09,199.77,72.28,921.3
221109,985.59,979.68,201.39,72.2,908.89
221110,947.24,936.8,192.39,68.8,865.1
221111,954.53,948.86,189.81,68.62,888.98
221114,941.04,936.31,183.45,66.81,883.3
221115,911.9,904.77,175.78,63.3,848.23
221116,942.9,940.29,183.45,65.32,907.56
221117,969.26,971.04,187.86,66.54,921.68
221118,969.33,971.2,190.87,67.11,921.59
221121,960.65,956.89,192.4,67.64,897.85
221122,952.12,945.54,194.66,68.41,886.18
221123,946.0,938.73,191.0,67.65,884.36
221124,947.71,940.76,191.22,67.51,898.52
221125,971.46,967.49,196.77,68.41,927.33
221128,1005.69,1004.34,204.06,70.06,950.97
221129,1032.16,1029.04,208.22,70.36,971.83
221130,1048.42,1049.21,208.79,70.87,983.7
221201,1036.28,1042.64,211.0,71.41,984.75
221202,1080.01,1092.99,215.96,72.21,1053.65
221205,1093.67,1110.94,219.96,73.24,1056.52
221206,1048.69,1054.06,212.8,71.02,1001.02
221207,1041.02,1047.58,209.93,70.45,1008
221208,1050.53,1062.73,215.37,71.62,1009.63
221209,1051.81,1065.08,217.0,71.6,1023.98
221212,1032.07,1037.42,210.53,71.5,990.68
221213,1047.45,1056.43,213.59,71.84,1012.5
221214,1050.43,1056.17,213.21,72.11,1014.03
221215,1055.32,1068.08,212.95,72.59,1019.3
221216,1052.48,1064.07,212.99,72.19,1009.3
221219,1038.4,1050.22,212.24,72.12,995.02
221220,1023.13,1029.79,207.53,71.03,977.88
221221,1018.88,1033.1,204.46,70.7,987.4
221222,1022.61,1038.34,205.79,70.83,988.06
221223,1020.34,1034.13,205.3,71.01,985.3
221226,985.21,987.77,198.5,69.71,939.22
221227,1004.57,1007.36,203.14,70.52,953.12
221228,1015.66,1013.95,206.04,70.44,959.79
221229,1009.29,1008.3,206.54,70.89,945.5
221230,1007.09,1005.19,205.31,71.65,956.45
230103,1043.9,1047.25,212.56,72.38,995.49
230104,1046.35,1050.15,213.06,72.76,992.83
230105,1055.82,1061.9,213.11,72.82,1003.39
230106,1051.44,1057.4,210.65,72.75,1000.73
230109,1054.21,1061.14,209.67,72.73,1003.2
230110,1053.35,1060.53,210.63,72.48,1006.06
230111,1055.76,1065.22,211.67,72.37,1011.87
230112,1056.39,1066.24,211.94,72.19,1014.25
230113,1060.17,1069.86,211.26,72.09,1017.96
230116,1066.68,1075.71,210.88,72.22,1023.77
230117,1088.29,1103.73,215.15,72.97,1054.05
230118,1098.28,1115.72,217.73,73.54,1063.86
230119,1108.08,1121.92,219.87,73.98,1067.38
230127,1117.1,1130.65,220.76,74.99,1073.09
230130,1102.57,1113.95,220.78,75.4,1056.72
230131,1111.18,1125.07,222.43,75.84,1071.19
230201,1075.97,1088.09,216.01,74.93,1036.43
230202,1077.59,1093.48,215.31,74.88,1035.96
230203,1077.15,1085.7,215.28,75.54,1030.15
230206,1089.29,1094.37,214.47,75.96,1038.43
230207,1065.84,1069.5,210.0,75.54,1016.25
230208,1072.22,1073.38,210.62,76.43,1020.72
230209,1064.03,1059.91,210.91,77.25,1006.44
230210,1055.3,1048.74,208.5,77.34,995.02
230213,1043.7,1040.4,204.49,77.2,988.92
230214,1038.64,1034.93,204.86,77.94,981.59
230215,1048.2,1043.34,207.97,79.47,987.4
230216,1058.29,1055.26,210.84,79.66,1001.97
230217,1059.31,1053.72,209.95,78.94,996.74
230220,1086.69,1087.36,215.83,78.82,1033.8
230221,1082.23,1080.9,214.08,78.18,1022.49
230222,1054.28,1051.08,209.96,77.44,991.8
230223,1053.66,1050.95,209.31,77.4,995.79
230224,1039.56,1030.42,207.32,76.73,969.18
230227,1021.25,1011.46,203.27,75.85,960.63
230228,1024.68,1014.96,202.38,76.44,957.78
230301,1040.55,1034.43,206.83,76.64,980.59
230302,1037.61,1028.73,206.14,76.28,972.99
230303,1024.77,1013.35,204.89,75.8,955.12
230306,1027.18,1014.26,206.56,76.0,959.68
230307,1037.84,1027.16,207.5,76.17,976.69
230308,1049.18,1040.59,208.68,76.49,986.29
230309,1055.95,1050.28,209.03,76.6,998.36
230310,1053.0,1047.2,207.86,76.77,997.5
230313,1052.8,1050.07,205.85,76.38,995.79
230314,1040.13,1037.35,202.55,75.77,986.19
230315,1062.19,1064.38,207.01,76.59,1010.04
230316,1047.4,1046.99,204.19,76.02,991.04
230317,1045.14,1047.71,204.47,76.43,988.77
230320,1023.1,1024.5,201.62,76.02,967.29
230321,1032.43,1035.04,203.11,75.67,974.96
230322,1040.54,1043.14,203.96,75.9,978.74
230323,1045.1,1046.6,203.32,76.17,982.9
230324,1046.79,1051.42,205.72,76.17,986.88
230327,1052.25,1056.45,206.67,75.69,990.85
230328,1054.29,1058.82,205.76,75.58,994.82
230329,1056.33,1061.45,205.59,76.73,999.08
230330,1059.44,1067.24,205.95,76.49,1007.12
230331,1064.64,1073.68,207.5,76.76,1008.54
230403,1079.28,1088.72,210.48,77.28,1024.63
230404,1078.45,1088.34,210.73,77.59,1021.98
230405,1080.86,1089.83,212.58,77.74,1025.67
230406,1070.91,1078.86,211.43,78.34,1015.16
230407,1069.71,1078.88,211.6,78.16,1017.15
230410,1065.35,1077.41,212.0,77.99,1014.98
230411,1069.46,1081.71,212.34,78.81,1018
230412,1069.45,1080.69,211.94,79.15,1017.06
230413,1064.3,1074.67,209.84,79.35,1012.33
230414,1052.89,1063.43,207.25,78.69,1005.8
230417,1053.81,1065.02,206.63,78.38,1007.12
230418,1055.02,1064.55,208.25,78.73,1005.7
230419,1048.98,1056.14,205.85,78.11,998.13
230420,1049.25,1053.61,206.61,77.85,997.09
230421,1042.91,1046.18,206.92,77.99,990.43
230424,1041.36,1046.17,206.76,77.9,991.28
230425,1034.85,1037.04,204.69,77.99,981.57
230426,1040.8,1045.24,205.84,78.01,988.05
230427,1039.63,1041.54,205.86,77.42,985.67
230428,1049.12,1051.43,207.48,77.77,992.81
230504,1040.61,1039.64,208.15,77.27,985.67
230505,1040.31,1038.46,207.8,77.56,984.24
230508,1053.44,1049.72,210.92,78.38,992.14
230509,1053.77,1049.67,211.95,78.34,992.52
230510,1058.26,1054.99,213.89,78.84,1000.52
230511,1057.12,1054.93,214.41,79.13,1001.47
230512,1066.9,1066.44,215.1,80.05,1014.14
230515,1065.71,1070.9,214.33,80.48,1015.66
230516,1065.91,1069.64,214.62,80.66,1016.14
230517,1060.44,1062.1,212.86,80.57,1014.24
230518,1068.31,1070.76,213.01,80.91,1023
230519,1067.07,1068.84,213.91,81.08,1022.52
230522,1070.64,1073.74,215.9,81.21,1025.21
230523,1065.85,1068.05,215.79,81.0,1019.63
230524,1061.79,1061.55,215.96,80.92,1016.36
230525,1064.63,1062.15,216.78,80.71,1017.22
230526,1063.76,1060.81,217.64,80.58,1016.74
230529,1074.98,1069.77,220.31,81.13,1027.81
230530,1078.05,1071.82,221.33,81.67,1028
230531,1075.17,1066.33,222.81,82.05,1022.61
230601,1078.39,1068.09,223.97,83.51,1024.92
230602,1090.84,1086.96,226.03,83.96,1038.2
230605,1097.82,1091.08,226.56,84.11,1046.29
230606,1108.31,1102.32,228.72,84.43,1054.85
230607,1109.54,1105.68,230.33,84.56,1056.68
230608,1101.32,1092.46,226.78,84.02,1048.02
230609,1107.53,1100.85,227.6,84.19,1054.08
230612,1116.02,1109.63,229.37,84.53,1066.59
230613,1122.46,1115.39,230.25,85.0,1073.52
230614,1117.42,1110.6,228.91,84.82,1070.25
230615,1116.97,1108.57,229.53,84.55,1067.56
230616,1115.22,1109.06,228.44,84.62,1071.34
230619,1105.4,1098.94,226.52,84.55,1065.42
230620,1111.72,1104.27,228.77,84.82,1065.9
230621,1118.46,1112.07,231.77,85.45,1083.88
230622,1125.3,1117.6,231.91,85.5,1082.42
230623,1129.38,1126.76,231.54,85.71,1087.38
230626,1132.03,1131.23,231.01,85.6,1091.17
230627,1134.33,1134.41,230.82,85.65,1093.3
230628,1138.35,1141.12,230.25,85.99,1100.3
230629,1125.39,1125.29,227.48,85.63,1083.39
230630,1120.18,1123.13,227.32,86.0,1085.63
230703,1125.5,1123.37,226.6,85.77,1085.82
230704,1132.0,1128.0,228.76,85.53,1091.17
230705,1134.62,1129.76,227.84,85.41,1092.14
230706,1126.22,1119.44,225.08,85.08,1084.36
230707,1138.07,1129.43,225.82,84.66,1093.11
230710,1149.02,1143.16,228.37,85.23,1104.28
230711,1151.77,1146.67,229.22,85.82,1105.74
230712,1154.2,1146.54,228.88,85.91,1109.43
230713,1165.42,1156.11,229.97,86.21,1122.26
230714,1168.4,1160.59,230.19,86.29,1129.16
230717,1173.13,1164.58,230.95,86.81,1128.87
230718,1174.09,1166.82,230.96,87.02,1131.98
230719,1172.98,1165.19,231.47,87.13,1131.1
230720,1172.81,1168.26,233.07,87.65,1132.07
230721,1185.9,1186.6,234.98,88.15,1153.39
230724,1190.72,1193.14,236.53,88.69,1159.72
230725,1195.9,1198.01,236.93,88.58,1162.25
230726,1200.84,1201.43,236.2,88.6,1165.17
230727,1197.33,1199.68,235.64,88.62,1162.05
230728,1207.67,1212.45,237.54,88.91,1177.82
230731,1222.9,1230.81,239.55,89.35,1201.38
230801,1217.56,1222.18,239.35,90.21,1187.56
230802,1220.43,1221.32,241.31,90.88,1185.61
230803,1210.95,1210.8,239.77,91.02,1176.27
230804,1225.98,1231.42,242.41,91.7,1201.77
230807,1241.42,1250.68,245.68,92.57,1216.95
230808,1242.23,1247.81,246.07,93.64,1214.81
230809,1233.99,1239.84,245.88,93.8,1207.03
230810,1220.61,1226.2,243.91,93.1,1193.4
230811,1232.21,1240.77,245.25,93.28,1206.54
230814,1236.84,1243.43,250.44,93.46,1206.15
230815,1234.05,1241.24,251.45,93.49,1208
230816,1243.26,1256.95,252.56,93.67,1221.92
230817,1233.48,1247.82,249.97,92.74,1220.17
230818,1177.99,1190.1,235.96,89.27,1162.62
230821,1179.76,1190.32,237.97,89.5,1165.46
230822,1180.49,1193.51,239.65,89.51,1170.45
230823,1172.56,1182.97,238.07,89.39,1155.38
230824,1189.39,1201.88,243.23,90.84,1172.41
230825,1183.37,1193.93,242.9,91.01,1168.98
230828,1201.72,1213.4,244.88,91.73,1185.13
230829,1204.43,1215.47,246.48,92.36,1185.91
230830,1213.16,1225.56,247.96,92.68,1198.05
230831,1224.05,1234.53,249.75,93.32,1206.66
230905,1234.98,1244.64,252.28,94.29,1215.96
230906,1245.5,1260.03,255.36,94.56,1236.02
230907,1243.14,1255.22,256.14,94.7,1228.39
230908,1241.48,1249.14,256.2,94.72,1223.2
230911,1223.63,1230.71,251.33,93.71,1206.66
230912,1245.44,1255.83,256.32,94.27,1230.15
230913,1238.39,1247.95,256.11,94.18,1218.4
230914,1223.81,1234.06,251.86,93.65,1208.62
230915,1227.36,1238.81,252.76,93.76,1214
230918,1211.81,1223.7,250.48,93.17,1195.9
230919,1211.5,1225.5,250.22,93.07,1195.9
230920,1226.11,1234.57,254.82,93.35,1205.29
230921,1212.74,1219.19,251.87,92.39,1194.53
230922,1193.05,1197.69,243.15,90.76,1172.41
230925,1153.2,1159.94,231.5,88.7,1142.82
230926,1137.96,1153.37,229.75,88.43,1140.46
230927,1153.85,1168.6,235.84,88.73,1144
230928,1152.43,1164.45,234.5,88.44,1142.82
230929,1154.15,1166.26,236.35,88.78,1140.95
231002,1155.25,1167.13,236.72,88.69,1147.04
231003,1118.1,1130.89,226.68,86.68,1112.14
231004,1128.67,1138.54,230.2,87.47,1113.32
231005,1113.89,1124.48,228.01,86.79,1101.04
231006,1128.54,1139.78,230.45,87.2,1119.12
231009,1137.36,1150.37,233.55,86.89,1125.61
231010,1143.69,1160.28,234.17,87.45,1137.41
231011,1150.81,1167.29,237.0,87.75,1146.26
231012,1151.61,1165.49,238.44,88.08,1141.83
231013,1154.73,1166.66,239.05,87.9,1141.44
231016,1141.42,1153.21,236.46,87.35,1127.09
231017,1121.65,1141.03,230.03,86.65,1127.09
231018,1103.4,1125.56,227.11,85.95,1105.95
231019,1087.85,1104.89,223.45,85.0,1093.17
231020,1108.03,1123.69,228.45,85.62,1111.08
231023,1093.53,1106.85,226.26,85.27,1099.04
231024,1105.9,1117.12,228.89,85.54,1106.1
231025,1101.66,1113.32,227.01,85.57,1103.32
231026,1055.45,1064.95,214.98,82.79,1054.38
231027,1060.62,1067.57,218.04,83.1,1062.83
231030,1042.4,1047.63,211.34,82.28,1034.39
231031,1028.19,1039.38,206.17,80.93,1034.19
231101,1039.66,1051.65,209.65,81.7,1041.94
231102,1075.47,1087.5,217.97,83.97,1081.24
231103,1076.78,1086.19,217.75,84.16,1081.24
231106,1089.66,1103.52,219.59,85.05,1100.13
231107,1080.29,1092.71,218.29,84.61,1089.59
231108,1113.43,1129.95,227.03,86.17,1127.99
231109,1113.89,1122.95,228.22,86.22,1119.03
231110,1101.68,1109.05,226.65,86.03,1102.62
231113,1100.07,1106.72,226.11,85.98,1101.13
231114,1109.73,1119.28,227.43,86.65,1114.06
231115,1122.5,1131.9,227.88,87.0,1127.99
231116,1125.53,1132.6,229.56,87.13,1119.33
231117,1101.19,1103.53,226.54,86.02,1093.41
231120,1103.66,1102.85,227.77,86.13,1090.44
231121,1110.46,1108.6,229.8,86.22,1099.34
231122,1113.82,1109.8,230.49,86.04,1100.33
231123,1088.49,1082.68,224.54,84.95,1068.67
231124,1095.61,1087.34,226.1,84.99,1073.52
231127,1088.06,1078.42,223.89,84.5,1064.71
231128,1095.43,1088.51,224.39,84.66,1075.6
231129,1102.8,1093.16,227.03,85.04,1080.64
231130,1094.13,1081.7,226.15,84.99,1064.71
231201,1102.16,1090.39,226.26,85.19,1078.66
231204,1120.49,1107.16,231.31,85.97,1095.39
231205,1115.97,1100.42,231.34,86.02,1087.47
231206,1126.43,1109.27,233.63,86.31,1099.44
231207,1121.49,1111.35,231.84,85.71,1100.33
231208,1124.44,1114.89,231.2,85.71,1100.33
231211,1125.5,1117.34,231.37,85.48,1105.28
231212,1127.63,1121.21,231.71,85.35,1107.06
231213,1114.2,1106.83,228.42,85.09,1095.39
231214,1110.13,1104.49,227.23,85.22,1092.32
231215,1102.3,1097.4,227.02,85.05,1087.77
231218,1091.88,1084.67,225.73,84.88,1070.65
231219,1096.3,1091.87,227.27,85.1,1079.85
231220,1100.76,1097.01,228.16,85.48,1084.6
231221,1102.43,1097.43,228.48,86.16,1083.22
231222,1103.06,1097.45,228.27,86.14,1082.52
231225,1117.66,1111.86,229.45,86.21,1099.59
231226,1122.25,1115.52,231.26,86.24,1106
231227,1121.99,1115.94,230.6,86.46,1101.46
231228,1128.93,1128.51,231.35,86.97,1117.24
231229,1129.93,1131.46,231.04,87.04,1118.91
240102,1131.72,1131.64,229.99,87.58,1117.83
240103,1144.17,1144.85,231.64,87.8,1132.43
240104,1150.72,1156.37,232.56,87.73,1140.51
240105,1154.68,1161.14,232.76,87.93,1149.88
240108,1160.19,1163.52,233.33,87.79,1145.94
240109,1158.59,1160.21,232.5,87.72,1146.92
240110,1161.54,1162.68,231.41,87.15,1147.02
240111,1162.22,1163.56,232.71,87.56,1151.95
240112,1154.7,1163.66,230.31,86.9,1149.78
240115,1154.12,1161.3,227.55,86.61,1146.63
240116,1163.12,1170.19,229.5,87.02,1155.8
240117,1162.53,1166.61,229.5,86.96,1149.88
240118,1169.06,1173.91,229.93,87.16,1156.59
240119,1181.5,1185.23,229.48,87.46,1169.86
240122,1182.86,1189.56,229.77,87.72,1173.79
240123,1177.5,1183.85,229.26,87.45,1163.96
240124,1172.97,1179.45,228.53,87.64,1160.72
240125,1170.37,1177.52,228.52,87.68,1160.52
240126,1175.67,1182.82,229.43,87.7,1166.91
240129,1175.69,1179.17,229.05,87.6,1163.57
240130,1179.65,1181.71,230.66,87.85,1165.93
240131,1164.31,1166.33,229.18,87.69,1151.18
240201,1173.02,1173.35,230.57,88.02,1157.27
240202,1172.55,1174.76,230.56,88.37,1161.11
240205,1186.06,1197.36,230.28,88.53,1182.15
240206,1188.48,1199.17,230.63,88.86,1183.52
240207,1198.53,1212.7,231.04,89.33,1198.37
240215,1202.5,1217.12,232.75,90.06,1197.19
240216,1209.7,1224.54,233.04,90.06,1202.65
240219,1224.97,1240.2,233.37,90.45,1210.95
240220,1230.06,1241.65,233.5,90.53,1210.66
240221,1230.04,1242.08,233.84,90.61,1210.46
240222,1227.31,1239.9,234.01,90.57,1208.51
240223,1212.0,1223.09,231.08,90.16,1195.92
240226,1224.17,1233.31,232.86,90.49,1200.99
240227,1237.46,1247.91,235.38,90.4,1211.44
240228,1254.55,1265.35,235.16,90.54,1236.04
240229,1252.73,1265.75,235.46,90.63,1232.72
240301,1258.28,1267.07,236.43,91.16,1236.63
240304,1261.41,1268.53,237.38,91.13,1238.19
240305,1269.98,1280.17,237.35,91.78,1248.05
240306,1262.73,1271.07,235.45,91.24,1236.63
240307,1268.46,1276.56,237.37,91.61,1243.07
240308,1247.35,1250.2,236.32,91.23,1223.93
240311,1235.49,1235.12,233.84,90.66,1201.68
240312,1245.0,1242.23,234.03,90.77,1210.27
240313,1270.51,1272.28,238.2,91.53,1241.02
240314,1264.26,1260.32,239.68,91.62,1230.77
240315,1263.78,1256.42,239.54,91.35,1229.99
240318,1243.56,1235.74,236.68,90.32,1201.58
240319,1242.46,1234.74,236.16,90.6,1200.7
240320,1260.08,1259.06,238.03,90.54,1225.59
240321,1276.42,1281.57,241.14,90.82,1245.31
240322,1281.8,1284.14,241.68,90.95,1247.26
240325,1267.86,1270.0,240.81,91.09,1232.11
240326,1282.21,1286.23,242.03,91.2,1247.74
240327,1283.09,1288.77,242.85,91.18,1250.65
240328,1290.18,1303.2,243.92,91.48,1269.01
240329,1284.09,1296.9,242.58,91.57,1260.46
240401,1281.52,1292.62,242.9,91.33,1252.98
240402,1287.04,1292.3,245.9,91.4,1252.6
240403,1271.47,1274.27,243.96,91.15,1235.02
240404,1268.25,1267.65,242.44,91.01,1228.32
240405,1255.11,1257.78,239.68,90.65,1215.79
240408,1250.35,1254.72,238.08,90.53,1217.83
240409,1262.82,1266.92,240.36,90.57,1227.54
240410,1258.56,1263.82,238.79,90.65,1223.56
240411,1258.2,1262.86,239.07,90.92,1226.38
240412,1276.6,1284.74,241.34,91.21,1248.71
240415,1216.61,1227.9,229.71,88.98,1200.45
240416,1215.68,1232.7,228.83,88.63,1194.34
240417,1193.01,1210.74,226.2,88.15,1179.38
240419,1174.85,1194.03,220.8,87.16,1157.15
240422,1190.22,1206.64,225.31,88.02,1170.35
240423,1177.4,1200.37,222.63,87.51,1165.79
240424,1205.61,1232.17,227.87,88.37,1194.82
240425,1204.97,1233.72,227.57,88.33,1191.42
240426,1209.52,1240.5,226.82,88.76,1196.67
240502,1216.36,1247.21,227.49,89.7,1206.38
240503,1221.03,1255.62,228.22,89.78,1213.37
240506,1241.58,1274.62,232.29,90.65,1233.18
240507,1248.63,1284.85,232.96,91.1,1239
240508,1250.46,1284.85,234.52,91.57,1241.91
240509,1248.64,1281.47,234.58,91.91,1232.2
240510,1244.7,1277.47,235.68,91.72,1233.56
240513,1240.18,1272.53,236.36,91.48,1229.29
240514,1243.28,1277.31,236.95,91.62,1237.45
240515,1254.39,1289.97,238.78,92.1,1248.81
240516,1268.78,1308.27,240.02,92.7,1271.82
240517,1273.11,1310.15,241.54,93.07,1271.24
240520,1277.58,1312.55,242.57,93.53,1273.38
240521,1277.14,1308.62,243.29,94.45,1275.32
240522,1266.91,1291.46,245.15,94.7,1255.98
240523,1281.03,1304.76,246.91,95.17,1263.56
240524,1261.93,1283.46,241.72,94.4,1241.89
240527,1267.68,1284.88,242.83,94.87,1240.43
240528,1281.73,1299.75,245.58,95.62,1256.27
240529,1272.64,1284.02,244.15,95.92,1241.69
240530,1266.32,1279.29,244.01,95.8,1234.4
240531,1261.72,1275.97,243.09,95.88,1234.4
240603,1280.0,1297.78,244.72,96.93,1255.3
240604,1283.52,1300.99,244.32,97.0,1258.7
240605,1284.35,1299.66,244.49,97.46,1258.7
240606,1283.56,1302.28,244.18,98.32,1262.3
240607,1287.58,1308.03,244.99,98.86,1271.34
240610,1290.67,1311.1,245.58,99.56,1274.15
240611,1284.41,1308.3,246.41,98.95,1268.42
240612,1300.19,1331.81,248.31,99.14,1293.4
240613,1301.51,1333.85,248.36,99.02,1297.58
240614,1279.91,1316.46,243.97,98.05,1280.08
240617,1274.77,1309.7,243.16,98.09,1271.34
240618,1279.5,1309.89,244.43,98.31,1271.82
240619,1279.79,1314.22,243.57,98.36,1280.08
240620,1282.3,1322.36,243.97,99.27,1286.6
240621,1282.02,1319.93,244.36,100.58,1287.96
240624,1254.12,1289.85,239.74,99.06,1258.51
240625,1256.56,1288.8,240.19,98.83,1255.59
240626,1261.24,1291.3,239.68,98.9,1257.83
240627,1259.09,1289.03,240.07,98.53,1256.86
240628,1245.32,1278.32,237.59,97.54,1242.52
240701,1254.56,1285.48,238.56,97.3,1252.96
240702,1269.79,1296.06,240.8,97.58,1262.9
240703,1276.85,1305.5,241.43,97.9,1274.41
240704,1279.89,1310.63,241.88,98.26,1275.97
240705,1283.04,1316.18,242.31,98.26,1283.48
240708,1283.56,1315.83,243.15,98.58,1281.23
240709,1293.71,1321.78,245.66,99.25,1287.57
240710,1285.94,1310.91,244.54,98.7,1277.33
240711,1283.8,1306.22,245.39,98.34,1273.14
240712,1280.75,1301.81,245.02,98.14,1267.58
240715,1279.82,1297.82,244.84,97.92,1266.61
240716,1281.18,1303.3,244.91,98.26,1270.21
240717,1268.66,1305.37,240.9,97.28,1270.7
240718,1274.44,1306.38,242.49,97.59,1265.14
240719,1264.78,1302.32,240.52,96.77,1254.89
240722,1254.64,1299.31,238.38,95.65,1257.69
240723,1231.81,1278.67,234.6,94.4,1242.41
240724,1238.47,1280.51,236.17,94.53,1241.73
240725,1233.19,1272.18,235.25,94.51,1235.06
240726,1242.11,1281.84,236.66,95.18,1243.18
240729,1246.6,1285.73,237.52,95.46,1245.89
240730,1245.06,1287.82,235.87,95.24,1250.34
240731,1251.51,1299.09,235.36,95.07,1261.85
240801,1226.96,1272.0,229.23,93.52,1233.51
240802,1236.6,1281.01,231.56,93.77,1233.61
240805,1188.07,1232.11,222.71,90.79,1192.88
240806,1210.28,1252.81,226.46,92.22,1208.93
240807,1215.88,1253.58,227.95,92.03,1209.32
240808,1208.32,1243.31,226.73,92.12,1199.74
240809,1223.64,1264.84,229.38,92.8,1223.74
240812,1230.28,1271.44,230.77,93.0,1228.67
240813,1230.42,1268.72,230.18,92.79,1225.77
240814,1230.36,1270.38,229.68,92.65,1226.74
240815,1223.56,1265.32,228.54,92.18,1226.45
240816,1252.23,1291.68,235.15,93.44,1251.71
240819,1261.62,1299.04,236.01,93.72,1261.43
240820,1272.55,1305.25,237.31,94.1,1265.32
240821,1284.05,1317.69,238.42,94.48,1275.43
240822,1282.78,1318.57,238.47,94.49,1277.18
240823,1285.32,1321.15,240.07,94.41,1278.24
240826,1280.02,1318.6,238.97,94.16,1279.9
240827,1280.56,1322.28,238.91,94.15,1284.56
240828,1281.44,1323.54,238.23,94.13,1284.85
240829,1281.47,1326.67,237.88,93.85,1289.42
240830,1283.87,1331.52,237.56,94.17,1295.15
240904,1275.8,1317.71,236.14,93.75,1276.98
240905,1268.21,1309.05,234.96,93.47,1270.86
240906,1273.96,1315.39,234.65,93.37,1272.12
240909,1267.73,1307.15,233.46,93.0,1270.86
240910,1255.23,1294.06,231.69,92.36,1257.64
240911,1253.27,1293.88,231.45,92.32,1256.57
240912,1256.35,1297.61,231.9,92.73,1260.95
240913,1251.71,1294.3,232.42,92.95,1257.64
240916,1239.26,1281.37,230.84,92.57,1245.88
240917,1258.95,1303.65,232.3,93.12,1269.01
240918,1264.9,1310.94,232.95,93.47,1274.94
240919,1271.27,1318.41,233.77,93.63,1279.8
240920,1272.04,1326.0,234.3,93.63,1285.6
240923,1268.48,1321.12,233.38,93.65,1281.25
240924,1276.99,1330.87,234.32,93.81,1290.43
240925,1287.48,1344.07,235.84,93.5,1299.13
240926,1291.49,1350.85,235.92,93.5,1311.12
240927,1290.92,1352.57,235.71,93.9,1310.25
240930,1287.94,1352.56,234.91,93.56,1311.7
241001,1292.2,1358.88,236.05,93.28,1314.6
241002,1287.84,1354.51,235.05,93.28,1311.79
241003,1278.1,1346.46,233.35,92.68,1303.96
241004,1270.6,1336.21,232.67,92.37,1298.16
241007,1269.93,1335.48,232.47,92.47,1295.27
241008,1271.98,1339.05,231.52,92.45,1296.91
241009,1281.85,1351.97,231.77,92.45,1312.95
241010,1286.36,1360.58,231.29,92.57,1320.59
241011,1288.39,1362.5,231.37,92.6,1320.98
241014,1286.34,1358.76,230.72,92.38,1313.63
241015,1281.08,1356.09,228.95,92.17,1312.66
241016,1279.48,1354.1,228.26,92.32,1309.38
241017,1286.52,1362.89,230.12,92.7,1312.95
241018,1285.46,1362.69,229.21,92.7,1309.98
241021,1279.77,1358.03,227.43,92.14,1308.06
241022,1269.89,1348.92,225.5,91.73,1296.84
241023,1270.9,1349.72,226.5,92.12,1298.57
241024,1257.41,1329.62,224.69,92.06,1283.22
241025,1252.72,1325.54,224.63,91.82,1272.87
241028,1254.77,1328.33,224.59,92.15,1277.47
241029,1261.78,1335.76,225.56,92.32,1284.57
241030,1258.63,1333.85,225.88,92.46,1287.06
241031,1264.48,1338.6,226.36,92.38,1288.5
241101,1254.89,1325.62,225.41,91.96,1275.93
241104,1244.71,1312.64,224.45,91.61,1264.52
241105,1245.76,1313.35,224.86,91.9,1265
241106,1261.28,1329.56,227.76,92.71,1286.1
241107,1259.75,1326.65,227.49,92.32,1280.06
241108,1252.56,1317.34,226.88,92.15,1269.8
241111,1250.32,1310.46,226.86,92.4,1266.06
241112,1244.82,1301.95,226.69,92.39,1256.37
241113,1246.04,1304.04,226.21,92.35,1253.78
241114,1231.89,1286.65,223.82,91.87,1239.97
241115,1218.57,1271.22,221.53,91.33,1223.38
241118,1217.12,1270.23,221.79,91.64,1221.08
241119,1205.15,1259.08,219.68,90.3,1210.62
241120,1216.54,1271.73,221.29,91.09,1218.01
241121,1228.33,1286.67,221.76,91.5,1228.84
241122,1228.1,1286.07,221.29,91.7,1233.6
241125,1234.7,1291.94,222.25,91.82,1233.98
241126,1242.13,1299.22,223.7,92.06,1242.15
241127,1241.97,1301.06,223.09,91.96,1242.91
241128,1242.11,1301.52,223.57,92.35,1240.72
241129,1250.46,1311.26,224.64,92.74,1252.6
241202,1251.21,1308.83,225.32,92.44,1248.33
241203,1249.83,1309.18,225.29,92.44,1248.8
241204,1240.41,1297.81,224.62,92.44,1238.35
241205,1267.53,1337.55,229.6,92.95,1278.26
241206,1270.14,1337.28,228.93,92.81,1275.41
241209,1273.84,1336.18,229.21,92.91,1273.42
241210,1272.07,1335.85,229.24,92.74,1276.36
241211,1268.86,1336.48,228.18,92.74,1272.18
241212,1267.35,1335.55,227.99,92.68,1273.04
241213,1262.57,1331.58,227.0,92.54,1268.76
241216,1263.79,1331.82,227.04,92.64,1268.76
241217,1261.72,1327.63,226.89,92.77,1264.96
241218,1266.0,1329.83,227.43,93.07,1264.96
241219,1254.67,1314.16,227.54,92.73,1247.19
241220,1257.5,1317.77,227.07,93.39,1250.21
241223,1262.76,1323.02,228.51,93.72,1256.65
241224,1260.36,1323.27,228.36,94.02,1256.65
241225,1274.04,1342.48,229.81,94.59,1277.56
241226,1272.87,1342.68,229.9,94.41,1278.13
241227,1275.14,1346.84,229.13,94.48,1276.05
241230,1272.02,1347.35,228.14,95.0,1272.93
241231,1266.78,1344.75,227.43,95.06,1273.21
250102,1269.71,1343.2,227.69,95.05,1274.53
250103,1254.59,1320.58,225.66,94.34,1252.86
250106,1246.35,1313.04,222.95,93.62,1248.04
250107,1246.95,1315.28,220.98,93.0,1247.57
250108,1251.02,1316.63,221.87,93.54,1251.45
250109,1245.77,1310.8,221.94,93.09,1243.87
250110,1230.48,1293.23,219.49,92.15,1225.99
250113,1235.65,1298.34,219.62,92.22,1229.68
250114,1229.07,1289.23,218.27,92.12,1221.83
250115,1236.18,1297.64,219.55,92.27,1226.94
250116,1242.36,1303.25,220.84,92.42,1225.52
250117,1249.11,1313.48,222.48,93.11,1237.04
250120,1249.55,1316.95,221.69,92.8,1240.5
250121,1246.09,1314.81,221.68,92.84,1238.91
250122,1242.53,1309.72,220.67,93.08,1236.76
250123,1259.63,1332.54,222.67,93.88,1254.08
250124,1265.05,1337.59,223.01,94.3,1258.67
250203,1253.03,1315.46,223.49,94.51,1234.41
250204,1264.68,1327.21,226.61,95.31,1244.25
250205,1269.61,1331.35,227.98,95.9,1248.93
250206,1271.48,1336.59,229.13,96.74,1254.93
250207,1275.2,1340.8,229.49,97.24,1258.11
250210,1263.26,1330.88,227.97,96.63,1246.12
250211,1268.45,1338.4,228.87,96.75,1249.49
250212,1266.91,1335.68,229.32,96.8,1245.19
250213,1270.35,1337.78,229.52,97.74,1252.68
250214,1276.08,1340.52,231.22,98.35,1256.71
250217,1272.72,1334.01,233.19,99.39,1250.62
250218,1278.14,1337.39,235.84,99.51,1253.99
250219,1288.56,1344.64,237.79,99.34,1259.23
250220,1292.98,1349.45,238.02,100.08,1264.39
250221,1296.75,1353.73,237.57,100.61,1269.83
250224,1304.56,1364.52,238.49,100.21,1281.55
250225,1303.16,1360.56,238.31,99.97,1275.45
250226,1302.96,1360.56,238.6,99.73,1277.42
250227,1307.8,1363.62,239.39,99.81,1279.39
250228,1305.36,1356.43,239.19,99.58,1272.83
250303,1309.37,1361.16,238.34,99.46,1276.58
250304,1311.91,1367.97,237.35,99.1,1282.21
250305,1304.71,1363.91,235.41,98.69,1280.52
250306,1318.22,1379.62,238.01,99.35,1290.09
250307,1326.05,1389.77,238.41,99.08,1299.28
250310,1330.28,1391.07,239.5,99.16,1303.22
250311,1332.54,1393.57,240.58,99.4,1305.66
250312,1334.41,1392.39,241.87,99.32,1302.37
250313,1326.27,1387.3,241.31,99.02,1299.56
250314,1326.15,1387.03,242.73,99.38,1299.09
250317,1336.26,1394.9,246.77,100.43,1304.06
250318,1330.97,1388.64,247.03,100.29,1301.44
250319,1324.63,1377.63,245.28,99.36,1291.59
250320,1323.93,1378.95,245.77,99.16,1291.12
250321,1321.88,1378.27,245.82,99.32,1292.15
250324,1330.32,1390.7,246.0,99.18,1307.29
250325,1331.92,1388.79,244.56,99.17,1304.19
250326,1326.09,1381.47,241.33,98.85,1294.97
250327,1323.81,1380.26,239.54,98.96,1293
250328,1317.46,1373.93,238.2,98.62,1283.88
250331,1306.86,1363.88,235.06,98.05,1279.08
250401,1317.33,1376.91,236.42,98.47,1284.72
250402,1317.83,1376.94,238.13,98.64,1289.99
250403,1229.84,1283.18,220.95,90.58,1199.7
250404,1210.67,1280.52,216.97,91.13,1191.71
250408,1132.79,1197.51,201.04,84.5,1108.38
250409,1094.3,1168.68,192.58,84.41,1107.91
250410,1168.34,1249.29,208.32,92.84,1185.41
250411,1222.46,1309.94,213.34,93.25,1229.23
250414,1241.44,1325.87,215.0,91.76,1238.64
250415,1227.79,1310.76,210.24,91.03,1229.89
250416,1210.3,1293.25,209.41,90.39,1213.24
250417,1217.25,1303.03,209.58,90.53,1218.89
250418,1219.12,1306.24,213.1,91.3,1206.36
250421,1207.07,1294.29,211.47,90.9,1207.29
250422,1197.13,1290.38,207.71,89.67,1208.23
250423,1211.0,1303.04,211.45,91.46,1216.64
250424,1223.35,1311.66,211.07,91.83,1222.25
250425,1229.23,1317.18,211.72,92.27,1226.84
250428,1226.8,1312.32,211.45,92.25,1226.93
250429,1226.3,1309.73,211.94,92.42,1221.51
250505,1240.05,1320.41,212.81,92.38,1231.04
250506,1241.95,1319.66,212.81,92.38,1232.07
250507,1250.37,1324.8,213.41,92.92,1239.09
250508,1269.8,1351.1,215.21,92.98,1267.14
250509,1267.3,1352.25,214.13,93.4,1262.93
250512,1283.26,1372.04,216.04,94.29,1284.91
250513,1293.43,1382.78,217.93,94.55,1290.52
250514,1309.73,1397.87,218.88,95.2,1305.95
250515,1313.2,1401.49,219.28,95.54,1309.88
250516,1301.39,1384.44,218.69,95.62,1298.9
250519,1296.29,1379.75,217.24,95.77,1295.05
250520,1315.15,1407.52,217.7,96.22,1321.23
250521,1323.05,1419.36,217.46,95.83,1327.33
250522,1313.84,1409.56,216.79,96.14,1315.6
250523,1314.46,1409.4,216.32,96.51,1319.83
250526,1332.51,1424.01,219.41,97.84,1329.21
250527,1339.81,1427.45,221.79,98.14,1328.27
250528,1341.87,1432.19,223.56,98.59,1333.62
250529,1341.86,1431.57,224.3,98.62,1335.97
250530,1332.6,1423.68,223.22,98.49,1332.02
250602,1336.3,1423.04,226.17,98.36,1327.9
250603,1347.25,1437.87,228.94,99.32,1346.47
250604,1345.74,1435.28,230.83,99.01,1341.88
250605,1342.09,1432.38,231.19,98.87,1339.06
250606,1329.89,1418.97,228.61,98.81,1326.49
250609,1310.57,1396.56,226.49,98.19,1310.91
250610,1316.23,1404.82,226.4,98.19,1310.82
250611,1315.2,1405.15,226.23,98.04,1315.41
250612,1322.99,1412.16,227.73,98.16,1322.36
250613,1315.49,1401.2,224.82,97.54,1309.88
250616,1338.11,1420.35,228.12,98.1,1329.4
250617,1347.69,1431.39,228.24,98.87,1333.43
250618,1346.83,1432.99,228.2,99.31,1339.44
250619,1352.04,1439.3,227.56,98.87,1352.01
250620,1349.35,1435.19,227.07,99.18,1352.2
250623,1358.18,1448.32,227.42,98.93,1361.13
250624,1366.77,1462.8,227.79,99.34,1375.75
250625,1366.75,1465.36,227.66,99.94,1376.89
250626,1365.67,1463.57,227.7,100.06,1375.56
250627,1371.44,1475.89,227.81,100.62,1386.19
250630,1376.07,1477.56,229.22,100.84,1388.66
250701,1377.84,1476.16,228.45,100.72,1385.43
250702,1384.59,1482.76,231.62,100.61,1395.4
250703,1381.96,1481.2,230.93,101.13,1396.64
250704,1386.97,1488.77,232.51,101.58,1397.77
250707,1402.06,1508.66,235.9,101.61,1417.43
250708,1415.46,1529.27,237.68,101.96,1435.56
250709,1431.32,1543.27,238.63,102.5,1455.5
250710,1445.64,1569.34,238.44,102.28,1488.64
250711,1457.76,1594.01,238.81,102.72,1515.22
250714,1470.42,1605.66,239.61,102.67,1520.25
250715,1460.65,1593.84,240.33,103.03,1513.42
250716,1475.47,1614.42,242.35,103.08,1536.2
250717,1490.01,1634.7,246.09,104.21,1555.19
250718,1497.28,1643.91,247.77,104.74,1567.73
250721,1485.05,1628.06,245.79,104.27,1554.81
250722,1509.54,1655.98,247.85,104.02,1584
250723,1512.31,1653.01,249.33,104.8,1582.09
250724,1521.02,1661.23,250.67,105.16,1584.48
250725,1531.13,1669.33,254.56,105.77,1601.23
250728,1557.42,1695.63,263.79,106.94,1620.37
250729,1493.41,1621.29,255.36,106.07,1551.46
250730,1507.63,1630.78,261.51,105.11,1553.66
250731,1502.52,1615.23,266.34,105.79,1538.35
250801,1495.21,1614.11,264.93,106.46,1545.72
250804,1528.19,1653.22,268.34,107.78,1582.57
250805,1547.15,1690.43,266.12,107.5,1617.12
250806,1573.71,1723.31,268.66,107.46,1645.73
250807,1581.81,1734.85,270.86,107.92,1650.81
250808,1584.95,1729.08,272.46,108.54,1649.28
250811,1596.86,1741.9,276.46,109.25,1662.96
250812,1608.22,1755.25,276.47,109.2,1674.35
250813,1611.6,1753.71,279.69,109.42,1671.1
250814,1640.69,1793.78,285.15,109.95,1716.08
250815,1630.0,1783.25,282.34,109.61,1704.6
250818,1636.37,1786.37,283.87,108.97,1704.12
250819,1654.2,1810.46,286.45,109.78,1738
250820,1664.36,1828.46,283.73,109.68,1752.55
250821,1688.0,1874.91,284.39,110.58,1796.38
250822,1645.47,1814.02,272.48,109.26,1739.06
250825,1614.03,1783.12,266.58,108.58,1717.86
250826,1667.63,1849.05,275.79,109.58,1784.34
250827,1672.78,1848.55,276.38,109.94,1778.94
250828,1680.86,1861.2,276.63,110.62,1794.84
250829,1682.21,1865.38,279.98,111.0,1793.01
250903,1681.3,1859.59,282.7,111.05,1787.23
250904,1696.29,1883.59,283.99,111.85,1814.3
250905,1666.97,1845.48,280.67,111.82,1777.69
250908,1624.53,1807.22,271.57,110.12,1734.24
250909,1637.32,1825.17,274.82,109.89,1758.33
250910,1643.26,1828.63,274.6,110.37,1758.13
250911,1657.75,1855.08,274.18,110.1,1785.78
250912,1667.26,1865.45,276.51,110.09,1791.08
250915,1684.9,1876.75,280.69,110.46,1807.46
250916,1680.9,1875.39,278.98,111.32,1807.46
250917,1670.97,1868.85,277.63,111.78,1805.25
250918,1665.18,1861.74,276.92,111.1,1788.77
250919,1658.62,1859.53,276.24,111.01,1787.03
250922,1634.45,1819.6,274.23,110.15,1755.03
250923,1635.26,1821.45,273.01,110.02,1752.13
250924,1657.46,1853.48,277.28,109.65,1787.8
250925,1666.09,1858.67,277.65,110.49,1788.19
250926,1660.7,1852.65,276.06,110.63,1779.1
250929,1666.48,1862.23,275.15,109.29,1793.8
250930,1661.7,1863.13,273.16,109.46,1793.03
251001,1665.05,1870.63,273.22,109.79,1802.31
251002,1652.71,1859.8,269.55,109.79,1791.48
251003,1645.82,1859.51,265.75,109.02,1795.44
251006,1695.5,1918.97,274.69,109.16,1855.1
251007,1685.3,1909.65,272.87,110.24,1848.04
251008,1697.83,1922.95,273.34,110.43,1855.49
251009,1716.47,1940.89,274.94,110.7,1872.5
251010,1747.55,1980.57,273.62,111.61,1910.5
251013,1765.12,2012.28,275.35,112.7,1946.96
251014,1761.06,2013.69,275.33,113.15,1947.54
251015,1757.95,2009.64,276.12,112.32,1955.08
251016,1766.85,2022.27,277.08,112.37,1946.09
251017,1731.19,1977.14,276.11,112.67,1906.84
251020,1636.43,1870.86,263.02,110.31,1803.17
251021,1663.43,1915.9,264.65,109.46,1841.15
251022,1678.5,1930.88,268.69,109.82,1866.15
251023,1687.06,1945.78,266.78,111.04,1883.11
251024,1683.18,1944.6,267.28,110.87,1877.2
251027,1652.54,1900.76,265.36,111.24,1832.72
251028,1680.5,1949.28,266.78,110.96,1880.59
251029,1685.83,1949.76,268.04,112.82,1886.5
251030,1669.57,1925.18,266.96,113.42,1867.12
251031,1639.65,1885.36,265.85,113.46,1833.21
251103,1617.0,1857.64,259.18,114.63,1802.2
251104,1651.98,1897.71,265.91,115.28,1839.02
251105,1654.89,1886.47,266.7,116.5,1827.39
251106,1642.64,1869.6,266.15,116.22,1808.5
251107,1599.1,1824.71,260.11,116.75,1771
251110,1580.54,1804.18,258.18,117.45,1745.32
251111,1593.61,1821.6,261.08,117.85,1758.6
251112,1631.86,1872.27,264.79,119.03,1812.47
251113,1631.44,1864.23,266.29,120.04,1805.11
251114,1635.46,1871.54,267.61,120.09,1811.6
251117,1654.42,1893.54,268.69,120.66,1836.31
251118,1659.92,1898.07,267.36,120.0,1839.02
251119,1649.0,1886.2,265.03,119.64,1827.2
251120,1655.99,1897.46,264.23,119.51,1839.12
251121,1654.93,1899.89,263.13,118.73,1841.94
251124,1667.98,1916.36,261.22,118.93,1860.04
251125,1660.36,1909.6,257.3,118.92,1857.22
251126,1680.36,1923.55,261.91,119.22,1873.57
251127,1684.32,1921.18,261.43,119.36,1869.78
251128,1690.99,1923.92,259.91,118.98,1871.72
251201,1701.67,1933.56,257.91,119.14,1881.65
251202,1717.06,1950.12,258.87,119.7,1895.08
251203,1731.77,1971.99,259.67,120.16,1919.42
251204,1737.24,1979.53,262.31,120.94,1924.28
251205,1741.32,1975.5,260.65,120.49,1923.8
251208,1753.74,1983.82,258.68,119.88,1931.1
251209,1747.17,1973.02,257.14,119.68,1917.47
251210,1718.98,1946.98,256.48,119.11,1883.4
251211,1698.9,1924.29,255.87,119.99,1867.93
251212,1646.89,1867.03,250.09,118.49,1821.11
251215,1646.01,1869.84,249.37,118.55,1818.68
251216,1679.18,1909.87,255.08,118.3,1861.6
251217,1673.66,1897.95,253.12,118.76,1847.49
251218,1676.98,1903.47,253.23,118.75,1848.46
251219,1704.31,1933.28,253.97,119.41,1877.44
251222,1751.03,1985.28,257.23,119.84,1935.7
251223,1772.15,2012.87,255.47,119.95,1953.15
251224,1782.82,2023.13,252.6,120.11,1959.93
251225,1742.85,1976.21,250.98,120.15,1890.14
251226,1729.8,1965.97,250.53,119.28,1908.56
251229,1754.84,1990.66,251.22,120.21,1929.11
251230,1766.9,2009.7,250.5,120.75,1952.27
251231,1784.49,2030.63,248.77,120.97,1966.72
260105,1788.4,2028.68,246.74,120.61,1961.97
260106,1816.27,2055.96,246.52,120.14,1998.7
260107,1861.58,2096.76,249.4,121.04,2024.1
260108,1855.56,2074.03,249.1,121.59,2010.33
260109,1867.9,2066.21,247.1,121.83,1998.31
260112,1877.33,2080.24,251.88,122.56,2015.86
260113,1902.93,2089.21,252.85,123.86,2020.61
260114,1894.44,2067.1,253.32,125.11,2003.16
260115,1864.8,2047.48,253.16,126.08,1977.18
260116,1879.13,2080.35,252.28,126.56,2016.03
260119,1896.59,2094.24,254.95,126.36,2023.49
260120,1893.78,2085.61,253.11,126.59,2012.44
260121,1885.44,2080.38,252.66,125.93,2012.93
260122,1882.73,2082.35,258.43,127.17,2021.65
260123,1870.79,2077.76,252.96,127.07,2010.99
260126,1843.72,2032.28,247.3,126.56,1972.24
260127,1830.5,2019.88,252.84,127.42,1958.68
260128,1802.91,1997.13,252.47,127.71,1941.05
260129,1814.98,2018.98,252.72,128.44,1961.69
260130,1829.04,2029.81,256.13,129.06,1971.28
260202,1806.5,2004.31,260.39,129.12,1942.12
260203,1813.4,1997.69,265.18,128.7,1937.37
260204,1791.43,1988.19,265.95,129.28,1947.06
260205,1782.56,1969.27,263.04,128.59,1910.44
260206,1755.49,1943.6,256.28,125.51,1890.2
260209,1754.82,1947.75,256.01,126.42,1894.46
260210,1754.03,1951.58,253.77,126.0,1904.53
260211,1796.85,2000.9,255.86,126.46,1954.81
260212,1814.09,2016.47,256.48,125.94,1957.71
260213,1824.09,2018.64,257.06,127.34,1947.54
260223,1860.14,2039.8,261.83,128.05,1979.99
260224,1867.62,2050.85,262.72,128.04,1982.41
260225,1860.91,2049.64,263.23,128.72,1982.41
260226,1879.64,2069.82,262.33,128.85,2002.37
260227,1880.33,2061.75,262.82,129.75,1989.29
260302,1846.1,2010.75,259.0,129.41,1951.9
260303,1813.14,1959.35,260.01,129.06,1890.87
260304,1818.27,1956.53,257.85,127.23,1894.75
260305,1808.51,1942.76,257.59,127.9,1864.14
260306,1767.84,1904.19,253.64,126.85,1839.44
260309,1652.79,1780.71,235.36,119.35,1710.7
260310,1676.73,1836.96,240.07,122.25,1775.6
260311,1728.34,1889.94,247.02,124.09,1824.03
260312,1709.61,1859.8,247.85,123.85,1794.97
260313,1696.24,1853.6,245.84,124.75,1782.38
260316,1693.21,1852.99,245.74,125.04,1793.33
260317,1710.29,1873.65,246.86,125.51,1818.22
260318,1713.83,1868.84,247.78,124.86,1822.97
260319,1699.13,1854.19,245.73,123.95,1800.01
260320,1647.81,1797.99,243.46,123.74,1768.12
260323,1591.17,1741.05,237.54,121.32,1707.29
260324,1614.77,1770.16,243.81,122.73,1740.55
260325,1658.19,1814.73,249.67,123.74,1779.9
260326,1644.63,1791.25,248.21,123.59,1759.29
260327,1672.8,1821.53,252.36,124.32,1786.86
260330,1662.54,1811.92,250.59,124.81,1774.4
260331,1674.49,1829.59,250.98,126.42,1789.61
260401,1702.93,1861.84,251.46,127.62,1840.54
260402,1694.82,1852.99,250.36,127.27,1818.36
260403,1684.04,1837.43,248.68,126.53,1800.89
260406,1674.99,1836.25,245.03,125.83,1810.61
260407,1677.54,1840.96,246.7,125.64,1813.45
260408,1756.55,1931.01,253.32,127.7,1905.49
260409,1736.68,1915.01,250.98,127.5,1885.57
260410,1750.0,1928.23,251.91,127.38,1894.7
260413,1758.96,1925.66,251.66,127.7,1895.87
260414,1775.65,1946.55,252.41,127.96,1909.71
260415,1800.65,1961.6,252.72,128.85,1924.13
260416,1819.83,1979.19,256.49,128.22,1943.27
260417,1817.17,1988.11,260.0,128.37,1959.03
260420,1837.11,2009.04,257.33,129.49,1968.89
260421,1833.48,2007.08,253.27,129.23,1968.99
260422,1857.3,2025.41,255.36,128.86,2010.97
260423,1870.36,2024.74,253.23,128.31,1989.88
260424,1853.29,2011.42,251.95,127.54,1985.74
260428,1875.84,2041.4,249.44,127.68,1998.55
260429,1854.1,2022.75,250.66,127.49,1998.55
260504,1854.06,2014.62,250.04,127.71,1988.6
260505,1874.85,2032.3,247.42,127.26,2009.2
260506,1891.2,2053.41,248.46,127.65,2030.09
260507,1909.01,2079.1,247.76,128.18,2049.8
260508,1915.37,2074.06,246.49,127.33,2043.29
260511,1895.5,2040.51,248.06,127.23,2009.39
260512,1901.1,2053.97,253.28,126.6,2019.25
260513,1898.37,2043.51,254.62,126.28,2010.28
260514,1925.46,2068.62,255.07,126.35,2035.11
260515,1921.6,2050.58,257.42,126.4,2024.08
260518,1927.94,2046.37,259.25,125.9,2017.77
260519,1912.93,2027.45,259.5,126.19,2000.62
260520,1913.23,2028.94,261.33,125.2,2010.38
260521,1896.89,2027.51,264.37,126.02,2002
260522,1877.13,2010.93,267.51,125.65,2002
260525,1886.03,2021.72,271.8,126.11,2014.35
260526,1884.18,2027.9,278.15,126.21,2024.91
260527,1874.43,2022.46,282.23,126.1,2016.74
260528,1863.67,1999.82,285.56,125.63,1982.18
260529,1863.49,1997.06,294.94,125.21,1997.02
260601,1844.54,1989.71,305.18,125.77,1983.08
260602,1826.47,1972.99,314.79,125.99,1964.25
260603,1819.01,1974.6,317.48,125.62,1964.55
260604,1831.55,1982.29,304.86,125.86,1974.51
260605,1838.9,1986.28,293.79,124.9,1974.11
260608,1790.53,1936.81,298.36,124.73,1929.29
260609,1793.05,1951.92,305.74,125.13,1942.74
260610,1803.71,1960.97,301.15,125.73,1953.69
260611,1798.61,1947.28,300.09,126.41,1945.03
260612,1791.65,1944.36,302.49,126.35,1931.28
260615,1799.31,1962.48,310.91,126.7,1957.38
260616,1807.94,1960.19,319.62,126.75,1956.18
260617,1806.2,1957.17,330.2,127.07,1952.1
260618,1830.47,1967.22,336.16,128.23,1963.55
260619,1824.53,1963.57,324.83,127.52,1956.58
260622,1857.91,1980.13,321.06,127.76,1977.3
260623,1869.04,1995.12,326.38,127.43,1983.88
260624,1878.02,2010.15,318.24,127.38,2001.41
260625,1863.07,2004.62,319.44,128.7,1998.82
260626,1871.91,2008.57,317.83,128.92,2004.4
260629,1854.97,2004.29,317.99,129.32,2002.41
260630,1860.01,1995.71,313.16,129.94,1990.05
260701,1867.21,2013.35,313.16,129.57,2006.39
260702,1866.35,2009.04,306.73,128.66,2002.21
260703,1862.08,2002.56,307.57,128.01,2001.41
260706,1843.5,1991.11,296.51,127.77,1987.46
260707,1848.25,1995.91,293.74,127.39,1991.45
260708,1853.7,1998.44,300.39,128.01,1991.95
260709,1840.7,1987.11,306.67,128.61,1986.77
260710,1828.34,1970.82,303.76,128.33,1969.03
260713,1800.54,1939.84,291.9,126.49,1934.17
260714,1806.63,1946.06,297.34,126.03,1936.16
260715,1782.12,1916.05,291.07,126.48,1911.85
260716,1804.24,1941.65,288.32,126.62,1928.99
260717,1787.45,1931.65,291.7,127.38,1923.7
260720,1743.51,1887.32,284.41,126.34,1886.82
260721,1730.56,1881.32,280.74,125.42,1878.35
260722,1668.53,1826.9,275.49,125.1,1831.6
260723,1699.38,1845.32,281.07,125.53,1836.69
260724,1686.11,1829.36,272.99,125.89,1829.01
260727,1669.01,1806.5,269.35,126.26,1805.19
260728,1680.62,1824.35,269.45,125.74,1818.05
260729,1704.68,1849.12,271.68,126.15,1844.96
260730,1744.66,1886.27,275.05,126.5,1878.65
260731,1735.78,1872.07,271.25,126.59,1868.88
260803,1762.84,1917.69,279.28,126.67,1907.76
260804,1777.23,1927.35,286.41,127.2,1918.72
260805,1776.46,1916.88,293.59,127.15,1907.56
260806,1764.78,1902.79,292.64,126.82,1889.81
260807,1768.06,1911.09,293.44,126.88,1883.93
260810,1776.77,1925.18,287.68,127.32,1922.31
260811,1773.41,1922.53,290.91,127.18,1917.72
260812,1793.18,1936.46,288.45,127.51,1933.67
260813,1765.63,1909.23,283.34,128.06,1894.9
260814,1729.08,1876.81,279.99,127.17,1872.67
260817,1727.46,1877.68,278.64,128.18,1873.87
260818,1732.02,1876.14,282.32,127.46,1867.89
260819,1726.69,1875.73,279.98,126.88,1874.76
260820,1734.24,1887.06,278.55,127.24,1884.93
260821,1768.12,1927.79,284.07,127.52,1935.67
260824,1788.78,1942.0,283.19,127.75,1944.48
260825,1791.41,1936.15,282.65,126.78,1941.37
260826,1821.32,1970.01,281.96,126.89,1978
260827,1831.56,1979.23,282.64,127.46,1982.3
260828,1832.12,1982.96,284.77,127.5,1983
260903,1827.72,1961.57,282.24,127.78,1956.98
260904,1853.08,1984.89,282.53,127.94,1987.11
260907,1821.64,1963.01,280.6,127.64,1965.49
260908,1830.44,1968.52,281.11,127.65,1962.49
260909,1827.12,1967.64,279.48,127.35,1967.49
260910,1829.23,1976.82,278.37,126.87,1977
260911,1795.21,1936.69,272.68,126.55,1941.47
260914,1788.23,1928.57,271.94,125.63,1932.37
260915,1811.15,1951.14,274.13,125.47,1949.58
260916,1810.11,1954.29,273.22,125.98,1954.48
260917,1822.77,1975.01,273.9,126.16,1977
260918,1815.66,1964.17,275.29,126.4,1970
260921,1799.67,1953.26,274.38,126.35,1949
260922,1816.93,1965.36,276.93,126.13,1962.9
